date,festival_flag,festival_name,aqi,daily_admissions,daily_emergency_walkins,daily_opd_visits,department_ward,daily_bed_occupancy,daily_icu_occupancy,oxygen_usage_per_day,oxygen_stock_level,medical_supply_stock_level,ambulance_requests,doctors_per_shift,nurses_per_shift,support_staff_per_shift,ventilator_usage,patient_waiting_time,symptoms_diagnosis,epidemic_indicator,near_hospital_1_name,near_hospital_1_distance_km,near_hospital_1_contact,near_hospital_2_name,near_hospital_2_distance_km,near_hospital_2_contact,near_hospital_3_name,near_hospital_3_distance_km,near_hospital_3_contact
2023-01-01,1,New Year,248,92,45,198,ICU,71,64,73,76,93,5,14,16,9,22,19,Accident,No,Apollo Hospital,3.5,+91 9840012345,SRM Medical College Hospital,7.2,+91 9003011122,Rajiv Gandhi Govt Hospital,9.8,+91 9444022233
2023-01-02,0,None,259,71,22,99,General,84,60,85,129,62,14,11,10,11,9,23,Headache,No,Apollo Hospital,3.5,+91 9840012345,SRM Medical College Hospital,7.2,+91 9003011122,Rajiv Gandhi Govt Hospital,9.8,+91 9444022233
2023-01-03,0,None,261,78,12,125,Orthopedic,87,72,71,142,198,10,6,13,14,20,17,Headache,No,Apollo Hospital,3.5,+91 9840012345,SRM Medical College Hospital,7.2,+91 9003011122,Rajiv Gandhi Govt Hospital,9.8,+91 9444022233
2023-01-04,0,None,239,55,22,109,Orthopedic,62,75,40,56,56,11,10,11,18,20,55,Breathing issue,Yes,Apollo Hospital,3.5,+91 9840012345,SRM Medical College Hospital,7.2,+91 9003011122,Rajiv Gandhi Govt Hospital,9.8,+91 9444022233
2023-01-05,0,None,276,61,13,73,Surgery,91,70,100,51,87,19,11,17,8,16,9,Accident,No,Apollo Hospital,3.5,+91 9840012345,SRM Medical College Hospital,7.2,+91 9003011122,Rajiv Gandhi Govt Hospital,9.8,+91 9444022233
2023-01-06,0,None,341,63,26,131,General,67,47,96,75,138,5,11,10,10,19,10,Fever,No,Apollo Hospital,3.5,+91 9840012345,SRM Medical College Hospital,7.2,+91 9003011122,Rajiv Gandhi Govt Hospital,9.8,+91 9444022233
2023-01-07,0,None,334,63,17,101,Surgery,77,38,79,95,174,17,6,16,13,12,39,Accident,No,Apollo Hospital,3.5,+91 9840012345,SRM Medical College Hospital,7.2,+91 9003011122,Rajiv Gandhi Govt Hospital,9.8,+91 9444022233
2023-01-08,0,None,260,55,17,131,Pediatrics,72,74,79,147,174,8,7,12,18,20,22,Breathing issue,No,Apollo Hospital,3.5,+91 9840012345,SRM Medical College Hospital,7.2,+91 9003011122,Rajiv Gandhi Govt Hospital,9.8,+91 9444022233
2023-01-09,0,None,260,76,10,118,Surgery,89,35,63,108,106,8,14,24,18,5,9,Accident,No,Apollo Hospital,3.5,+91 9840012345,SRM Medical College Hospital,7.2,+91 9003011122,Rajiv Gandhi Govt Hospital,9.8,+91 9444022233
2023-01-10,0,None,277,78,13,73,General,92,66,94,97,99,19,8,23,11,22,19,Breathing issue,No,Apollo Hospital,3.5,+91 9840012345,SRM Medical College Hospital,7.2,+91 9003011122,Rajiv Gandhi Govt Hospital,9.8,+91 9444022233
2023-01-11,0,None,282,61,28,146,ICU,54,77,68,78,67,15,11,14,8,20,39,Accident,No,Apollo Hospital,3.5,+91 9840012345,SRM Medical College Hospital,7.2,+91 9003011122,Rajiv Gandhi Govt Hospital,9.8,+91 9444022233
2023-01-12,0,None,349,51,27,66,ICU,63,53,40,91,105,16,12,20,10,23,19,Headache,No,Apollo Hospital,3.5,+91 9840012345,SRM Medical College Hospital,7.2,+91 9003011122,Rajiv Gandhi Govt Hospital,9.8,+91 9444022233
2023-01-13,0,None,231,77,21,91,Orthopedic,54,56,79,75,133,14,10,24,10,21,29,Breathing issue,No,Apollo Hospital,3.5,+91 9840012345,SRM Medical College Hospital,7.2,+91 9003011122,Rajiv Gandhi Govt Hospital,9.8,+91 9444022233
2023-01-14,0,None,312,66,14,104,ICU,66,34,89,142,124,15,12,21,12,5,35,Breathing issue,No,Apollo Hospital,3.5,+91 9840012345,SRM Medical College Hospital,7.2,+91 9003011122,Rajiv Gandhi Govt Hospital,9.8,+91 9444022233
2023-01-15,1,Pongal,329,131,39,108,General,68,60,46,126,53,9,10,24,12,16,59,Accident,No,Apollo Hospital,3.5,+91 9840012345,SRM Medical College Hospital,7.2,+91 9003011122,Rajiv Gandhi Govt Hospital,9.8,+91 9444022233
2023-01-16,0,None,305,84,12,109,ICU,64,49,32,113,124,11,12,12,16,14,30,Breathing issue,No,Apollo Hospital,3.5,+91 9840012345,SRM Medical College Hospital,7.2,+91 9003011122,Rajiv Gandhi Govt Hospital,9.8,+91 9444022233
2023-01-17,0,None,318,75,21,74,Pediatrics,59,63,35,60,52,14,6,22,9,10,31,Accident,No,Apollo Hospital,3.5,+91 9840012345,SRM Medical College Hospital,7.2,+91 9003011122,Rajiv Gandhi Govt Hospital,9.8,+91 9444022233
2023-01-18,0,None,308,53,18,77,Pediatrics,74,59,103,99,123,17,10,15,18,11,45,Fever,No,Apollo Hospital,3.5,+91 9840012345,SRM Medical College Hospital,7.2,+91 9003011122,Rajiv Gandhi Govt Hospital,9.8,+91 9444022233
2023-01-19,0,None,266,61,23,139,Orthopedic,94,51,45,85,111,7,5,24,13,22,22,Headache,No,Apollo Hospital,3.5,+91 9840012345,SRM Medical College Hospital,7.2,+91 9003011122,Rajiv Gandhi Govt Hospital,9.8,+91 9444022233
2023-01-20,0,None,296,59,16,95,Surgery,84,81,90,53,141,19,11,18,10,5,23,Accident,No,Apollo Hospital,3.5,+91 9840012345,SRM Medical College Hospital,7.2,+91 9003011122,Rajiv Gandhi Govt Hospital,9.8,+91 9444022233
2023-01-21,0,None,244,42,13,114,General,50,58,76,132,198,11,6,13,13,19,23,Headache,No,Apollo Hospital,3.5,+91 9840012345,SRM Medical College Hospital,7.2,+91 9003011122,Rajiv Gandhi Govt Hospital,9.8,+91 9444022233
2023-01-22,0,None,293,56,25,126,Orthopedic,70,45,43,62,67,5,6,16,8,5,36,Headache,No,Apollo Hospital,3.5,+91 9840012345,SRM Medical College Hospital,7.2,+91 9003011122,Rajiv Gandhi Govt Hospital,9.8,+91 9444022233
2023-01-23,0,None,319,79,10,129,Surgery,80,72,36,65,98,19,6,12,11,15,8,Chest pain,No,Apollo Hospital,3.5,+91 9840012345,SRM Medical College Hospital,7.2,+91 9003011122,Rajiv Gandhi Govt Hospital,9.8,+91 9444022233
2023-01-24,0,None,236,63,12,105,Surgery,65,60,95,43,169,11,13,19,9,24,46,Fever,No,Apollo Hospital,3.5,+91 9840012345,SRM Medical College Hospital,7.2,+91 9003011122,Rajiv Gandhi Govt Hospital,9.8,+91 9444022233
2023-01-25,0,None,231,70,10,114,ICU,66,76,68,118,117,17,6,14,16,6,17,Headache,No,Apollo Hospital,3.5,+91 9840012345,SRM Medical College Hospital,7.2,+91 9003011122,Rajiv Gandhi Govt Hospital,9.8,+91 9444022233
2023-01-26,0,None,331,96,16,102,Surgery,65,46,92,115,90,7,10,20,8,21,38,Chest pain,No,Apollo Hospital,3.5,+91 9840012345,SRM Medical College Hospital,7.2,+91 9003011122,Rajiv Gandhi Govt Hospital,9.8,+91 9444022233
2023-01-27,0,None,323,84,10,145,Surgery,89,75,44,98,158,17,10,16,12,11,48,Headache,No,Apollo Hospital,3.5,+91 9840012345,SRM Medical College Hospital,7.2,+91 9003011122,Rajiv Gandhi Govt Hospital,9.8,+91 9444022233
2023-01-28,0,None,261,58,15,127,Pediatrics,72,43,40,107,135,18,5,13,17,11,55,Breathing issue,No,Apollo Hospital,3.5,+91 9840012345,SRM Medical College Hospital,7.2,+91 9003011122,Rajiv Gandhi Govt Hospital,9.8,+91 9444022233
2023-01-29,0,None,290,80,26,66,General,57,56,96,66,55,15,11,18,11,7,30,Chest pain,No,Apollo Hospital,3.5,+91 9840012345,SRM Medical College Hospital,7.2,+91 9003011122,Rajiv Gandhi Govt Hospital,9.8,+91 9444022233
2023-01-30,0,None,227,68,20,100,Pediatrics,93,54,107,60,196,8,13,19,13,21,18,Fever,No,Apollo Hospital,3.5,+91 9840012345,SRM Medical College Hospital,7.2,+91 9003011122,Rajiv Gandhi Govt Hospital,9.8,+91 9444022233
2023-01-31,0,None,288,69,25,102,Orthopedic,67,57,86,44,77,13,14,18,18,15,52,Breathing issue,Yes,Apollo Hospital,3.5,+91 9840012345,SRM Medical College Hospital,7.2,+91 9003011122,Rajiv Gandhi Govt Hospital,9.8,+91 9444022233
2023-02-01,0,None,114,43,24,66,General,89,48,80,104,189,15,8,11,12,8,49,Fever,No,Apollo Hospital,3.5,+91 9840012345,SRM Medical College Hospital,7.2,+91 9003011122,Rajiv Gandhi Govt Hospital,9.8,+91 9444022233
2023-02-02,0,None,101,50,29,147,Orthopedic,76,62,82,93,105,19,13,14,9,6,6,Accident,No,Apollo Hospital,3.5,+91 9840012345,SRM Medical College Hospital,7.2,+91 9003011122,Rajiv Gandhi Govt Hospital,9.8,+91 9444022233
2023-02-03,0,None,148,78,14,148,Surgery,80,70,44,87,199,8,7,20,9,9,5,Chest pain,No,Apollo Hospital,3.5,+91 9840012345,SRM Medical College Hospital,7.2,+91 9003011122,Rajiv Gandhi Govt Hospital,9.8,+91 9444022233
2023-02-04,0,None,100,67,26,101,Orthopedic,68,46,96,116,86,19,13,23,15,20,15,Headache,No,Apollo Hospital,3.5,+91 9840012345,SRM Medical College Hospital,7.2,+91 9003011122,Rajiv Gandhi Govt Hospital,9.8,+91 9444022233
2023-02-05,0,None,87,61,21,122,ICU,77,85,35,73,175,13,13,19,12,11,47,Fever,No,Apollo Hospital,3.5,+91 9840012345,SRM Medical College Hospital,7.2,+91 9003011122,Rajiv Gandhi Govt Hospital,9.8,+91 9444022233
2023-02-06,0,None,139,42,16,80,Orthopedic,52,53,101,68,185,14,6,10,19,6,16,Breathing issue,No,Apollo Hospital,3.5,+91 9840012345,SRM Medical College Hospital,7.2,+91 9003011122,Rajiv Gandhi Govt Hospital,9.8,+91 9444022233
2023-02-07,0,None,108,57,20,61,General,53,67,42,123,84,10,9,12,15,9,12,Fever,No,Apollo Hospital,3.5,+91 9840012345,SRM Medical College Hospital,7.2,+91 9003011122,Rajiv Gandhi Govt Hospital,9.8,+91 9444022233
2023-02-08,0,None,128,76,22,146,General,76,47,108,133,164,10,8,24,13,9,26,Breathing issue,No,Apollo Hospital,3.5,+91 9840012345,SRM Medical College Hospital,7.2,+91 9003011122,Rajiv Gandhi Govt Hospital,9.8,+91 9444022233
2023-02-09,0,None,121,44,25,107,Pediatrics,94,55,41,43,98,16,5,10,16,20,40,Chest pain,No,Apollo Hospital,3.5,+91 9840012345,SRM Medical College Hospital,7.2,+91 9003011122,Rajiv Gandhi Govt Hospital,9.8,+91 9444022233
2023-02-10,0,None,116,78,23,100,Pediatrics,84,72,31,81,147,17,13,16,13,9,31,Fever,No,Apollo Hospital,3.5,+91 9840012345,SRM Medical College Hospital,7.2,+91 9003011122,Rajiv Gandhi Govt Hospital,9.8,+91 9444022233
2023-02-11,0,None,91,48,27,107,Orthopedic,82,62,87,60,161,6,13,22,15,8,42,Fever,No,Apollo Hospital,3.5,+91 9840012345,SRM Medical College Hospital,7.2,+91 9003011122,Rajiv Gandhi Govt Hospital,9.8,+91 9444022233
2023-02-12,0,None,133,56,19,63,Orthopedic,69,71,107,121,144,12,11,22,8,8,53,Accident,No,Apollo Hospital,3.5,+91 9840012345,SRM Medical College Hospital,7.2,+91 9003011122,Rajiv Gandhi Govt Hospital,9.8,+91 9444022233
2023-02-13,0,None,112,47,28,113,Pediatrics,65,63,65,69,109,15,11,15,16,7,31,Breathing issue,Yes,Apollo Hospital,3.5,+91 9840012345,SRM Medical College Hospital,7.2,+91 9003011122,Rajiv Gandhi Govt Hospital,9.8,+91 9444022233
2023-02-14,0,None,112,79,13,82,Surgery,94,73,63,84,143,5,8,16,14,20,7,Chest pain,Yes,Apollo Hospital,3.5,+91 9840012345,SRM Medical College Hospital,7.2,+91 9003011122,Rajiv Gandhi Govt Hospital,9.8,+91 9444022233
2023-02-15,0,None,135,47,24,65,General,54,54,67,49,91,15,12,24,8,20,42,Accident,No,Apollo Hospital,3.5,+91 9840012345,SRM Medical College Hospital,7.2,+91 9003011122,Rajiv Gandhi Govt Hospital,9.8,+91 9444022233
2023-02-16,0,None,85,76,13,70,Pediatrics,74,80,92,46,91,13,12,21,10,17,44,Fever,No,Apollo Hospital,3.5,+91 9840012345,SRM Medical College Hospital,7.2,+91 9003011122,Rajiv Gandhi Govt Hospital,9.8,+91 9444022233
2023-02-17,0,None,143,51,11,133,Pediatrics,50,65,51,44,199,13,8,14,14,19,23,Chest pain,No,Apollo Hospital,3.5,+91 9840012345,SRM Medical College Hospital,7.2,+91 9003011122,Rajiv Gandhi Govt Hospital,9.8,+91 9444022233
2023-02-18,0,None,105,74,17,64,Surgery,71,69,84,132,50,16,9,10,17,19,15,Breathing issue,No,Apollo Hospital,3.5,+91 9840012345,SRM Medical College Hospital,7.2,+91 9003011122,Rajiv Gandhi Govt Hospital,9.8,+91 9444022233
2023-02-19,0,None,103,64,17,88,Pediatrics,71,68,76,74,84,12,11,24,19,8,41,Chest pain,No,Apollo Hospital,3.5,+91 9840012345,SRM Medical College Hospital,7.2,+91 9003011122,Rajiv Gandhi Govt Hospital,9.8,+91 9444022233
2023-02-20,0,None,128,78,28,140,Orthopedic,88,60,33,127,148,16,9,16,16,15,37,Accident,No,Apollo Hospital,3.5,+91 9840012345,SRM Medical College Hospital,7.2,+91 9003011122,Rajiv Gandhi Govt Hospital,9.8,+91 9444022233
2023-02-21,0,None,109,72,18,61,Orthopedic,63,36,69,82,121,12,7,16,19,6,56,Headache,No,Apollo Hospital,3.5,+91 9840012345,SRM Medical College Hospital,7.2,+91 9003011122,Rajiv Gandhi Govt Hospital,9.8,+91 9444022233
2023-02-22,0,None,138,40,26,76,General,86,59,91,103,135,12,5,22,17,15,9,Breathing issue,No,Apollo Hospital,3.5,+91 9840012345,SRM Medical College Hospital,7.2,+91 9003011122,Rajiv Gandhi Govt Hospital,9.8,+91 9444022233
2023-02-23,0,None,151,73,25,134,Surgery,88,62,87,135,137,14,13,16,14,18,38,Accident,No,Apollo Hospital,3.5,+91 9840012345,SRM Medical College Hospital,7.2,+91 9003011122,Rajiv Gandhi Govt Hospital,9.8,+91 9444022233
2023-02-24,0,None,122,52,26,82,General,75,80,38,94,160,5,13,17,9,5,8,Chest pain,No,Apollo Hospital,3.5,+91 9840012345,SRM Medical College Hospital,7.2,+91 9003011122,Rajiv Gandhi Govt Hospital,9.8,+91 9444022233
2023-02-25,0,None,148,62,21,114,Pediatrics,79,69,68,41,130,7,11,13,18,23,24,Breathing issue,No,Apollo Hospital,3.5,+91 9840012345,SRM Medical College Hospital,7.2,+91 9003011122,Rajiv Gandhi Govt Hospital,9.8,+91 9444022233
2023-02-26,0,None,150,62,11,76,Pediatrics,79,42,49,43,128,16,12,19,19,18,54,Headache,No,Apollo Hospital,3.5,+91 9840012345,SRM Medical College Hospital,7.2,+91 9003011122,Rajiv Gandhi Govt Hospital,9.8,+91 9444022233
2023-02-27,0,None,88,65,24,139,ICU,53,47,86,114,76,10,8,15,15,6,47,Headache,No,Apollo Hospital,3.5,+91 9840012345,SRM Medical College Hospital,7.2,+91 9003011122,Rajiv Gandhi Govt Hospital,9.8,+91 9444022233
2023-02-28,0,None,119,45,10,87,Pediatrics,80,59,66,125,176,6,7,19,17,16,18,Breathing issue,No,Apollo Hospital,3.5,+91 9840012345,SRM Medical College Hospital,7.2,+91 9003011122,Rajiv Gandhi Govt Hospital,9.8,+91 9444022233
2023-03-01,0,None,121,51,12,78,General,84,81,44,133,59,7,6,23,10,23,14,Fever,No,Apollo Hospital,3.5,+91 9840012345,SRM Medical College Hospital,7.2,+91 9003011122,Rajiv Gandhi Govt Hospital,9.8,+91 9444022233
2023-03-02,0,None,124,73,14,126,Surgery,94,72,30,95,189,9,9,17,18,13,25,Headache,No,Apollo Hospital,3.5,+91 9840012345,SRM Medical College Hospital,7.2,+91 9003011122,Rajiv Gandhi Govt Hospital,9.8,+91 9444022233
2023-03-03,0,None,142,54,25,108,General,69,52,58,125,66,8,10,12,16,6,8,Headache,No,Apollo Hospital,3.5,+91 9840012345,SRM Medical College Hospital,7.2,+91 9003011122,Rajiv Gandhi Govt Hospital,9.8,+91 9444022233
2023-03-04,0,None,118,71,22,105,ICU,67,55,40,70,157,11,11,18,17,15,57,Chest pain,No,Apollo Hospital,3.5,+91 9840012345,SRM Medical College Hospital,7.2,+91 9003011122,Rajiv Gandhi Govt Hospital,9.8,+91 9444022233
2023-03-05,0,None,100,43,10,73,ICU,82,48,40,96,80,7,9,22,16,5,38,Breathing issue,No,Apollo Hospital,3.5,+91 9840012345,SRM Medical College Hospital,7.2,+91 9003011122,Rajiv Gandhi Govt Hospital,9.8,+91 9444022233
2023-03-06,0,None,134,61,19,81,ICU,94,42,72,139,193,8,14,11,19,7,49,Chest pain,No,Apollo Hospital,3.5,+91 9840012345,SRM Medical College Hospital,7.2,+91 9003011122,Rajiv Gandhi Govt Hospital,9.8,+91 9444022233
2023-03-07,1,Holi,156,74,52,99,Surgery,63,87,97,44,180,5,8,15,12,17,23,Chest pain,No,Apollo Hospital,3.5,+91 9840012345,SRM Medical College Hospital,7.2,+91 9003011122,Rajiv Gandhi Govt Hospital,9.8,+91 9444022233
2023-03-08,0,None,103,67,29,122,Orthopedic,93,34,80,53,135,5,8,24,11,8,19,Chest pain,No,Apollo Hospital,3.5,+91 9840012345,SRM Medical College Hospital,7.2,+91 9003011122,Rajiv Gandhi Govt Hospital,9.8,+91 9444022233
2023-03-09,0,None,147,50,27,111,Surgery,61,74,55,114,94,9,5,14,18,19,52,Accident,No,Apollo Hospital,3.5,+91 9840012345,SRM Medical College Hospital,7.2,+91 9003011122,Rajiv Gandhi Govt Hospital,9.8,+91 9444022233
2023-03-10,0,None,125,78,21,79,Pediatrics,91,68,48,124,111,17,11,24,18,11,37,Fever,Yes,Apollo Hospital,3.5,+91 9840012345,SRM Medical College Hospital,7.2,+91 9003011122,Rajiv Gandhi Govt Hospital,9.8,+91 9444022233
2023-03-11,0,None,129,59,25,110,ICU,68,58,63,125,112,18,11,16,11,5,55,Breathing issue,No,Apollo Hospital,3.5,+91 9840012345,SRM Medical College Hospital,7.2,+91 9003011122,Rajiv Gandhi Govt Hospital,9.8,+91 9444022233
2023-03-12,0,None,84,72,26,124,ICU,94,35,49,44,65,12,10,11,16,5,54,Headache,No,Apollo Hospital,3.5,+91 9840012345,SRM Medical College Hospital,7.2,+91 9003011122,Rajiv Gandhi Govt Hospital,9.8,+91 9444022233
2023-03-13,0,None,117,48,18,119,ICU,92,42,107,99,75,9,13,13,14,20,50,Breathing issue,No,Apollo Hospital,3.5,+91 9840012345,SRM Medical College Hospital,7.2,+91 9003011122,Rajiv Gandhi Govt Hospital,9.8,+91 9444022233
2023-03-14,0,None,126,45,26,107,Pediatrics,76,44,50,127,157,8,8,10,14,6,43,Breathing issue,Yes,Apollo Hospital,3.5,+91 9840012345,SRM Medical College Hospital,7.2,+91 9003011122,Rajiv Gandhi Govt Hospital,9.8,+91 9444022233
2023-03-15,0,None,145,44,23,142,Orthopedic,70,84,69,136,163,19,12,17,13,19,11,Breathing issue,No,Apollo Hospital,3.5,+91 9840012345,SRM Medical College Hospital,7.2,+91 9003011122,Rajiv Gandhi Govt Hospital,9.8,+91 9444022233
2023-03-16,0,None,101,76,18,90,Orthopedic,62,50,62,146,112,15,12,14,14,20,32,Chest pain,No,Apollo Hospital,3.5,+91 9840012345,SRM Medical College Hospital,7.2,+91 9003011122,Rajiv Gandhi Govt Hospital,9.8,+91 9444022233
2023-03-17,0,None,95,54,15,120,Pediatrics,52,86,85,63,52,14,11,16,8,6,21,Headache,No,Apollo Hospital,3.5,+91 9840012345,SRM Medical College Hospital,7.2,+91 9003011122,Rajiv Gandhi Govt Hospital,9.8,+91 9444022233
2023-03-18,0,None,105,73,23,113,Orthopedic,83,65,42,112,182,12,9,14,9,20,28,Breathing issue,No,Apollo Hospital,3.5,+91 9840012345,SRM Medical College Hospital,7.2,+91 9003011122,Rajiv Gandhi Govt Hospital,9.8,+91 9444022233
2023-03-19,0,None,93,55,17,142,Orthopedic,80,62,100,55,116,6,11,24,8,20,57,Breathing issue,No,Apollo Hospital,3.5,+91 9840012345,SRM Medical College Hospital,7.2,+91 9003011122,Rajiv Gandhi Govt Hospital,9.8,+91 9444022233
2023-03-20,0,None,126,55,19,94,Pediatrics,59,49,57,58,143,16,10,15,11,21,17,Accident,No,Apollo Hospital,3.5,+91 9840012345,SRM Medical College Hospital,7.2,+91 9003011122,Rajiv Gandhi Govt Hospital,9.8,+91 9444022233
2023-03-21,0,None,117,56,18,81,ICU,89,64,45,147,100,10,6,11,12,24,40,Headache,No,Apollo Hospital,3.5,+91 9840012345,SRM Medical College Hospital,7.2,+91 9003011122,Rajiv Gandhi Govt Hospital,9.8,+91 9444022233
2023-03-22,0,None,156,59,18,102,Pediatrics,72,87,60,149,70,15,12,20,17,18,51,Chest pain,No,Apollo Hospital,3.5,+91 9840012345,SRM Medical College Hospital,7.2,+91 9003011122,Rajiv Gandhi Govt Hospital,9.8,+91 9444022233
2023-03-23,1,Ramadan,142,133,24,105,ICU,71,79,89,96,160,19,12,13,17,21,8,Accident,No,Apollo Hospital,3.5,+91 9840012345,SRM Medical College Hospital,7.2,+91 9003011122,Rajiv Gandhi Govt Hospital,9.8,+91 9444022233
2023-03-24,0,None,121,43,12,89,ICU,65,69,56,61,83,9,9,24,8,5,9,Fever,No,Apollo Hospital,3.5,+91 9840012345,SRM Medical College Hospital,7.2,+91 9003011122,Rajiv Gandhi Govt Hospital,9.8,+91 9444022233
2023-03-25,0,None,136,41,22,113,Pediatrics,58,40,35,50,59,8,8,22,8,24,39,Accident,No,Apollo Hospital,3.5,+91 9840012345,SRM Medical College Hospital,7.2,+91 9003011122,Rajiv Gandhi Govt Hospital,9.8,+91 9444022233
2023-03-26,0,None,132,40,18,74,ICU,77,75,76,57,176,13,12,11,11,15,7,Headache,No,Apollo Hospital,3.5,+91 9840012345,SRM Medical College Hospital,7.2,+91 9003011122,Rajiv Gandhi Govt Hospital,9.8,+91 9444022233
2023-03-27,0,None,145,65,23,68,Pediatrics,74,89,47,64,133,14,11,14,11,24,6,Fever,No,Apollo Hospital,3.5,+91 9840012345,SRM Medical College Hospital,7.2,+91 9003011122,Rajiv Gandhi Govt Hospital,9.8,+91 9444022233
2023-03-28,0,None,153,49,15,100,Pediatrics,75,60,88,87,144,6,6,11,11,20,26,Headache,No,Apollo Hospital,3.5,+91 9840012345,SRM Medical College Hospital,7.2,+91 9003011122,Rajiv Gandhi Govt Hospital,9.8,+91 9444022233
2023-03-29,0,None,129,45,19,129,Pediatrics,63,51,103,72,194,16,5,11,11,13,36,Accident,Yes,Apollo Hospital,3.5,+91 9840012345,SRM Medical College Hospital,7.2,+91 9003011122,Rajiv Gandhi Govt Hospital,9.8,+91 9444022233
2023-03-30,0,None,85,61,18,145,ICU,64,32,44,145,83,14,12,11,8,7,18,Breathing issue,No,Apollo Hospital,3.5,+91 9840012345,SRM Medical College Hospital,7.2,+91 9003011122,Rajiv Gandhi Govt Hospital,9.8,+91 9444022233
2023-03-31,0,None,139,40,22,124,General,56,60,89,139,57,5,11,18,10,5,32,Fever,No,Apollo Hospital,3.5,+91 9840012345,SRM Medical College Hospital,7.2,+91 9003011122,Rajiv Gandhi Govt Hospital,9.8,+91 9444022233
2023-04-01,0,None,85,73,16,64,Pediatrics,67,55,109,113,122,16,13,21,15,15,40,Headache,No,Apollo Hospital,3.5,+91 9840012345,SRM Medical College Hospital,7.2,+91 9003011122,Rajiv Gandhi Govt Hospital,9.8,+91 9444022233
2023-04-02,0,None,110,71,28,80,ICU,76,87,93,146,168,11,13,17,11,21,26,Headache,No,Apollo Hospital,3.5,+91 9840012345,SRM Medical College Hospital,7.2,+91 9003011122,Rajiv Gandhi Govt Hospital,9.8,+91 9444022233
2023-04-03,0,None,81,74,28,76,Orthopedic,59,64,40,129,164,11,8,23,17,12,19,Breathing issue,No,Apollo Hospital,3.5,+91 9840012345,SRM Medical College Hospital,7.2,+91 9003011122,Rajiv Gandhi Govt Hospital,9.8,+91 9444022233
2023-04-04,0,None,89,42,19,148,ICU,87,47,84,100,152,6,6,18,10,14,26,Fever,No,Apollo Hospital,3.5,+91 9840012345,SRM Medical College Hospital,7.2,+91 9003011122,Rajiv Gandhi Govt Hospital,9.8,+91 9444022233
2023-04-05,0,None,153,57,23,148,ICU,52,55,91,149,65,10,8,20,9,20,15,Breathing issue,No,Apollo Hospital,3.5,+91 9840012345,SRM Medical College Hospital,7.2,+91 9003011122,Rajiv Gandhi Govt Hospital,9.8,+91 9444022233
2023-04-06,0,None,159,72,24,84,ICU,83,62,73,94,98,14,11,23,18,20,11,Headache,Yes,Apollo Hospital,3.5,+91 9840012345,SRM Medical College Hospital,7.2,+91 9003011122,Rajiv Gandhi Govt Hospital,9.8,+91 9444022233
2023-04-07,0,None,92,40,24,112,Pediatrics,83,88,48,47,192,12,6,14,16,12,35,Fever,No,Apollo Hospital,3.5,+91 9840012345,SRM Medical College Hospital,7.2,+91 9003011122,Rajiv Gandhi Govt Hospital,9.8,+91 9444022233
2023-04-08,0,None,96,52,29,88,General,80,89,104,78,55,6,12,14,11,11,6,Breathing issue,No,Apollo Hospital,3.5,+91 9840012345,SRM Medical College Hospital,7.2,+91 9003011122,Rajiv Gandhi Govt Hospital,9.8,+91 9444022233
2023-04-09,0,None,109,52,14,145,General,92,66,63,128,165,14,11,14,8,16,37,Fever,Yes,Apollo Hospital,3.5,+91 9840012345,SRM Medical College Hospital,7.2,+91 9003011122,Rajiv Gandhi Govt Hospital,9.8,+91 9444022233
2023-04-10,0,None,127,58,24,142,General,56,67,69,119,112,11,7,21,13,23,43,Breathing issue,No,Apollo Hospital,3.5,+91 9840012345,SRM Medical College Hospital,7.2,+91 9003011122,Rajiv Gandhi Govt Hospital,9.8,+91 9444022233
2023-04-11,0,None,125,79,14,107,Surgery,58,30,81,131,127,8,7,11,10,19,48,Headache,No,Apollo Hospital,3.5,+91 9840012345,SRM Medical College Hospital,7.2,+91 9003011122,Rajiv Gandhi Govt Hospital,9.8,+91 9444022233
2023-04-12,0,None,90,74,23,78,General,90,89,57,66,164,16,11,24,19,8,42,Fever,No,Apollo Hospital,3.5,+91 9840012345,SRM Medical College Hospital,7.2,+91 9003011122,Rajiv Gandhi Govt Hospital,9.8,+91 9444022233
2023-04-13,0,None,87,72,13,72,Pediatrics,57,80,85,127,131,17,5,21,11,11,25,Fever,No,Apollo Hospital,3.5,+91 9840012345,SRM Medical College Hospital,7.2,+91 9003011122,Rajiv Gandhi Govt Hospital,9.8,+91 9444022233
2023-04-14,0,None,149,56,14,106,General,71,41,82,56,166,13,5,15,9,5,18,Chest pain,No,Apollo Hospital,3.5,+91 9840012345,SRM Medical College Hospital,7.2,+91 9003011122,Rajiv Gandhi Govt Hospital,9.8,+91 9444022233
2023-04-15,0,None,154,71,10,130,Surgery,67,34,80,109,133,13,5,15,10,6,5,Breathing issue,No,Apollo Hospital,3.5,+91 9840012345,SRM Medical College Hospital,7.2,+91 9003011122,Rajiv Gandhi Govt Hospital,9.8,+91 9444022233
2023-04-16,0,None,155,74,24,84,Surgery,82,36,35,95,177,15,7,21,12,18,9,Accident,No,Apollo Hospital,3.5,+91 9840012345,SRM Medical College Hospital,7.2,+91 9003011122,Rajiv Gandhi Govt Hospital,9.8,+91 9444022233
2023-04-17,0,None,91,78,22,133,Orthopedic,51,75,55,87,174,18,9,15,15,22,9,Fever,No,Apollo Hospital,3.5,+91 9840012345,SRM Medical College Hospital,7.2,+91 9003011122,Rajiv Gandhi Govt Hospital,9.8,+91 9444022233
2023-04-18,0,None,153,71,17,65,General,54,55,61,71,168,13,11,22,18,21,34,Breathing issue,Yes,Apollo Hospital,3.5,+91 9840012345,SRM Medical College Hospital,7.2,+91 9003011122,Rajiv Gandhi Govt Hospital,9.8,+91 9444022233
2023-04-19,0,None,109,45,27,145,General,81,64,109,109,154,10,10,23,9,10,19,Fever,No,Apollo Hospital,3.5,+91 9840012345,SRM Medical College Hospital,7.2,+91 9003011122,Rajiv Gandhi Govt Hospital,9.8,+91 9444022233
2023-04-20,0,None,107,55,27,100,Orthopedic,92,41,93,52,161,19,13,22,9,13,55,Fever,No,Apollo Hospital,3.5,+91 9840012345,SRM Medical College Hospital,7.2,+91 9003011122,Rajiv Gandhi Govt Hospital,9.8,+91 9444022233
2023-04-21,0,None,124,60,26,72,Orthopedic,54,53,52,53,184,8,8,18,8,21,40,Accident,Yes,Apollo Hospital,3.5,+91 9840012345,SRM Medical College Hospital,7.2,+91 9003011122,Rajiv Gandhi Govt Hospital,9.8,+91 9444022233
2023-04-22,1,Kumbh Mela,80,105,35,88,Surgery,50,78,87,49,59,12,6,20,12,21,26,Chest pain,No,Apollo Hospital,3.5,+91 9840012345,SRM Medical College Hospital,7.2,+91 9003011122,Rajiv Gandhi Govt Hospital,9.8,+91 9444022233
2023-04-23,0,None,155,57,14,145,General,75,72,98,68,169,13,6,12,16,6,27,Accident,No,Apollo Hospital,3.5,+91 9840012345,SRM Medical College Hospital,7.2,+91 9003011122,Rajiv Gandhi Govt Hospital,9.8,+91 9444022233
2023-04-24,0,None,155,56,12,124,ICU,56,75,49,80,163,5,8,22,12,13,16,Chest pain,Yes,Apollo Hospital,3.5,+91 9840012345,SRM Medical College Hospital,7.2,+91 9003011122,Rajiv Gandhi Govt Hospital,9.8,+91 9444022233
2023-04-25,0,None,151,75,25,142,Pediatrics,71,81,101,132,98,14,11,22,9,13,56,Accident,Yes,Apollo Hospital,3.5,+91 9840012345,SRM Medical College Hospital,7.2,+91 9003011122,Rajiv Gandhi Govt Hospital,9.8,+91 9444022233
2023-04-26,0,None,121,53,12,117,Orthopedic,62,77,109,112,185,8,6,17,15,18,27,Chest pain,No,Apollo Hospital,3.5,+91 9840012345,SRM Medical College Hospital,7.2,+91 9003011122,Rajiv Gandhi Govt Hospital,9.8,+91 9444022233
2023-04-27,0,None,90,46,21,78,General,65,82,97,109,74,6,5,22,12,16,11,Fever,No,Apollo Hospital,3.5,+91 9840012345,SRM Medical College Hospital,7.2,+91 9003011122,Rajiv Gandhi Govt Hospital,9.8,+91 9444022233
2023-04-28,0,None,137,62,21,91,Pediatrics,81,87,100,93,88,16,12,24,18,24,53,Breathing issue,No,Apollo Hospital,3.5,+91 9840012345,SRM Medical College Hospital,7.2,+91 9003011122,Rajiv Gandhi Govt Hospital,9.8,+91 9444022233
2023-04-29,0,None,152,42,27,99,ICU,84,48,93,114,146,15,6,10,16,16,46,Fever,No,Apollo Hospital,3.5,+91 9840012345,SRM Medical College Hospital,7.2,+91 9003011122,Rajiv Gandhi Govt Hospital,9.8,+91 9444022233
2023-04-30,0,None,120,40,19,64,Orthopedic,81,35,42,102,129,9,9,10,17,8,6,Accident,No,Apollo Hospital,3.5,+91 9840012345,SRM Medical College Hospital,7.2,+91 9003011122,Rajiv Gandhi Govt Hospital,9.8,+91 9444022233
2023-05-01,0,None,124,60,27,137,Pediatrics,94,80,31,119,113,6,10,11,11,13,50,Fever,No,Apollo Hospital,3.5,+91 9840012345,SRM Medical College Hospital,7.2,+91 9003011122,Rajiv Gandhi Govt Hospital,9.8,+91 9444022233
2023-05-02,0,None,136,79,28,105,ICU,50,58,46,41,136,19,14,21,14,17,39,Accident,No,Apollo Hospital,3.5,+91 9840012345,SRM Medical College Hospital,7.2,+91 9003011122,Rajiv Gandhi Govt Hospital,9.8,+91 9444022233
2023-05-03,0,None,84,59,12,120,Orthopedic,59,70,107,130,174,17,12,16,18,15,58,Chest pain,No,Apollo Hospital,3.5,+91 9840012345,SRM Medical College Hospital,7.2,+91 9003011122,Rajiv Gandhi Govt Hospital,9.8,+91 9444022233
2023-05-04,0,None,101,42,10,109,Orthopedic,72,34,66,44,182,15,5,21,14,18,19,Accident,No,Apollo Hospital,3.5,+91 9840012345,SRM Medical College Hospital,7.2,+91 9003011122,Rajiv Gandhi Govt Hospital,9.8,+91 9444022233
2023-05-05,0,None,159,61,25,124,Orthopedic,51,86,35,126,138,8,11,16,15,22,58,Headache,No,Apollo Hospital,3.5,+91 9840012345,SRM Medical College Hospital,7.2,+91 9003011122,Rajiv Gandhi Govt Hospital,9.8,+91 9444022233
2023-05-06,0,None,154,66,18,134,Surgery,68,56,53,53,103,14,13,17,10,8,36,Breathing issue,No,Apollo Hospital,3.5,+91 9840012345,SRM Medical College Hospital,7.2,+91 9003011122,Rajiv Gandhi Govt Hospital,9.8,+91 9444022233
2023-05-07,0,None,110,56,23,118,General,54,65,56,45,110,6,5,12,15,14,10,Accident,No,Apollo Hospital,3.5,+91 9840012345,SRM Medical College Hospital,7.2,+91 9003011122,Rajiv Gandhi Govt Hospital,9.8,+91 9444022233
2023-05-08,0,None,132,63,26,124,ICU,78,58,97,122,126,11,8,12,8,23,25,Breathing issue,No,Apollo Hospital,3.5,+91 9840012345,SRM Medical College Hospital,7.2,+91 9003011122,Rajiv Gandhi Govt Hospital,9.8,+91 9444022233
2023-05-09,0,None,118,41,29,104,ICU,75,37,62,80,166,17,9,24,15,9,26,Accident,No,Apollo Hospital,3.5,+91 9840012345,SRM Medical College Hospital,7.2,+91 9003011122,Rajiv Gandhi Govt Hospital,9.8,+91 9444022233
2023-05-10,0,None,91,43,25,147,Orthopedic,77,40,49,71,68,13,5,12,9,18,20,Accident,No,Apollo Hospital,3.5,+91 9840012345,SRM Medical College Hospital,7.2,+91 9003011122,Rajiv Gandhi Govt Hospital,9.8,+91 9444022233
2023-05-11,0,None,118,61,13,137,Pediatrics,86,38,30,58,56,12,7,10,9,19,54,Accident,Yes,Apollo Hospital,3.5,+91 9840012345,SRM Medical College Hospital,7.2,+91 9003011122,Rajiv Gandhi Govt Hospital,9.8,+91 9444022233
2023-05-12,0,None,145,78,12,117,ICU,50,83,38,84,65,17,11,11,19,23,10,Accident,No,Apollo Hospital,3.5,+91 9840012345,SRM Medical College Hospital,7.2,+91 9003011122,Rajiv Gandhi Govt Hospital,9.8,+91 9444022233
2023-05-13,0,None,117,70,10,62,Pediatrics,51,67,36,130,188,5,14,22,8,17,59,Breathing issue,No,Apollo Hospital,3.5,+91 9840012345,SRM Medical College Hospital,7.2,+91 9003011122,Rajiv Gandhi Govt Hospital,9.8,+91 9444022233
2023-05-14,0,None,95,78,18,63,Surgery,84,51,58,135,173,16,10,19,18,18,59,Fever,No,Apollo Hospital,3.5,+91 9840012345,SRM Medical College Hospital,7.2,+91 9003011122,Rajiv Gandhi Govt Hospital,9.8,+91 9444022233
2023-05-15,0,None,140,71,11,142,Surgery,51,79,87,96,125,17,7,20,18,19,43,Chest pain,No,Apollo Hospital,3.5,+91 9840012345,SRM Medical College Hospital,7.2,+91 9003011122,Rajiv Gandhi Govt Hospital,9.8,+91 9444022233
2023-05-16,0,None,116,40,29,98,Pediatrics,50,64,87,107,78,13,9,16,14,5,19,Accident,No,Apollo Hospital,3.5,+91 9840012345,SRM Medical College Hospital,7.2,+91 9003011122,Rajiv Gandhi Govt Hospital,9.8,+91 9444022233
2023-05-17,0,None,134,74,24,77,General,53,42,77,82,85,8,14,15,15,5,30,Accident,No,Apollo Hospital,3.5,+91 9840012345,SRM Medical College Hospital,7.2,+91 9003011122,Rajiv Gandhi Govt Hospital,9.8,+91 9444022233
2023-05-18,0,None,106,65,14,139,General,69,33,65,41,166,10,12,23,13,12,51,Fever,No,Apollo Hospital,3.5,+91 9840012345,SRM Medical College Hospital,7.2,+91 9003011122,Rajiv Gandhi Govt Hospital,9.8,+91 9444022233
2023-05-19,0,None,114,56,14,123,Surgery,65,59,98,91,60,5,5,21,15,22,40,Fever,No,Apollo Hospital,3.5,+91 9840012345,SRM Medical College Hospital,7.2,+91 9003011122,Rajiv Gandhi Govt Hospital,9.8,+91 9444022233
2023-05-20,0,None,104,58,26,113,Surgery,66,45,98,49,147,6,7,14,15,11,51,Accident,No,Apollo Hospital,3.5,+91 9840012345,SRM Medical College Hospital,7.2,+91 9003011122,Rajiv Gandhi Govt Hospital,9.8,+91 9444022233
2023-05-21,0,None,96,57,26,137,General,68,75,100,80,135,16,8,15,11,12,28,Accident,No,Apollo Hospital,3.5,+91 9840012345,SRM Medical College Hospital,7.2,+91 9003011122,Rajiv Gandhi Govt Hospital,9.8,+91 9444022233
2023-05-22,0,None,101,64,22,76,ICU,86,57,98,63,52,12,8,13,16,7,10,Breathing issue,No,Apollo Hospital,3.5,+91 9840012345,SRM Medical College Hospital,7.2,+91 9003011122,Rajiv Gandhi Govt Hospital,9.8,+91 9444022233
2023-05-23,0,None,154,78,12,72,ICU,51,59,100,55,141,18,8,11,9,9,18,Accident,Yes,Apollo Hospital,3.5,+91 9840012345,SRM Medical College Hospital,7.2,+91 9003011122,Rajiv Gandhi Govt Hospital,9.8,+91 9444022233
2023-05-24,0,None,111,58,29,104,Pediatrics,74,47,33,133,75,19,10,19,16,11,50,Accident,No,Apollo Hospital,3.5,+91 9840012345,SRM Medical College Hospital,7.2,+91 9003011122,Rajiv Gandhi Govt Hospital,9.8,+91 9444022233
2023-05-25,0,None,114,76,18,132,Orthopedic,66,81,105,138,51,11,5,14,12,5,18,Accident,No,Apollo Hospital,3.5,+91 9840012345,SRM Medical College Hospital,7.2,+91 9003011122,Rajiv Gandhi Govt Hospital,9.8,+91 9444022233
2023-05-26,0,None,126,51,13,67,Pediatrics,67,37,47,105,59,10,14,24,18,16,6,Accident,No,Apollo Hospital,3.5,+91 9840012345,SRM Medical College Hospital,7.2,+91 9003011122,Rajiv Gandhi Govt Hospital,9.8,+91 9444022233
2023-05-27,0,None,148,59,22,74,General,54,74,67,83,81,19,13,20,13,16,31,Fever,No,Apollo Hospital,3.5,+91 9840012345,SRM Medical College Hospital,7.2,+91 9003011122,Rajiv Gandhi Govt Hospital,9.8,+91 9444022233
2023-05-28,0,None,135,58,11,86,Pediatrics,58,52,55,114,86,17,6,22,9,18,31,Chest pain,No,Apollo Hospital,3.5,+91 9840012345,SRM Medical College Hospital,7.2,+91 9003011122,Rajiv Gandhi Govt Hospital,9.8,+91 9444022233
2023-05-29,0,None,83,72,10,93,ICU,75,72,35,149,135,14,10,23,17,23,24,Breathing issue,No,Apollo Hospital,3.5,+91 9840012345,SRM Medical College Hospital,7.2,+91 9003011122,Rajiv Gandhi Govt Hospital,9.8,+91 9444022233
2023-05-30,0,None,128,45,12,115,Orthopedic,76,79,42,112,60,6,10,11,11,8,28,Chest pain,No,Apollo Hospital,3.5,+91 9840012345,SRM Medical College Hospital,7.2,+91 9003011122,Rajiv Gandhi Govt Hospital,9.8,+91 9444022233
2023-05-31,0,None,133,70,13,118,General,65,31,64,65,139,18,14,17,16,22,11,Headache,No,Apollo Hospital,3.5,+91 9840012345,SRM Medical College Hospital,7.2,+91 9003011122,Rajiv Gandhi Govt Hospital,9.8,+91 9444022233
2023-06-01,0,None,90,49,24,67,Orthopedic,85,44,36,141,195,13,14,19,11,10,8,Chest pain,No,Apollo Hospital,3.5,+91 9840012345,SRM Medical College Hospital,7.2,+91 9003011122,Rajiv Gandhi Govt Hospital,9.8,+91 9444022233
2023-06-02,0,None,154,45,14,95,ICU,82,83,59,48,191,10,12,12,8,20,38,Accident,No,Apollo Hospital,3.5,+91 9840012345,SRM Medical College Hospital,7.2,+91 9003011122,Rajiv Gandhi Govt Hospital,9.8,+91 9444022233
2023-06-03,0,None,122,76,16,103,Orthopedic,91,85,33,74,87,16,14,11,18,7,50,Chest pain,Yes,Apollo Hospital,3.5,+91 9840012345,SRM Medical College Hospital,7.2,+91 9003011122,Rajiv Gandhi Govt Hospital,9.8,+91 9444022233
2023-06-04,0,None,111,62,26,149,General,79,89,41,47,92,6,12,22,16,9,59,Breathing issue,No,Apollo Hospital,3.5,+91 9840012345,SRM Medical College Hospital,7.2,+91 9003011122,Rajiv Gandhi Govt Hospital,9.8,+91 9444022233
2023-06-05,0,None,111,56,21,94,Surgery,81,31,76,120,78,14,7,21,19,15,20,Headache,No,Apollo Hospital,3.5,+91 9840012345,SRM Medical College Hospital,7.2,+91 9003011122,Rajiv Gandhi Govt Hospital,9.8,+91 9444022233
2023-06-06,0,None,100,63,17,72,Surgery,71,53,102,97,53,6,9,17,8,18,39,Fever,No,Apollo Hospital,3.5,+91 9840012345,SRM Medical College Hospital,7.2,+91 9003011122,Rajiv Gandhi Govt Hospital,9.8,+91 9444022233
2023-06-07,0,None,125,76,27,71,Surgery,71,61,88,91,117,13,5,12,19,20,7,Fever,No,Apollo Hospital,3.5,+91 9840012345,SRM Medical College Hospital,7.2,+91 9003011122,Rajiv Gandhi Govt Hospital,9.8,+91 9444022233
2023-06-08,0,None,101,78,28,63,Orthopedic,87,47,88,106,144,12,7,22,11,20,14,Chest pain,No,Apollo Hospital,3.5,+91 9840012345,SRM Medical College Hospital,7.2,+91 9003011122,Rajiv Gandhi Govt Hospital,9.8,+91 9444022233
2023-06-09,0,None,131,74,10,98,ICU,70,49,51,112,88,16,13,16,11,19,32,Chest pain,No,Apollo Hospital,3.5,+91 9840012345,SRM Medical College Hospital,7.2,+91 9003011122,Rajiv Gandhi Govt Hospital,9.8,+91 9444022233
2023-06-10,0,None,108,68,20,73,General,82,86,83,102,54,16,14,20,19,11,57,Headache,No,Apollo Hospital,3.5,+91 9840012345,SRM Medical College Hospital,7.2,+91 9003011122,Rajiv Gandhi Govt Hospital,9.8,+91 9444022233
2023-06-11,0,None,140,42,28,130,ICU,92,45,97,77,106,15,5,20,12,8,8,Headache,No,Apollo Hospital,3.5,+91 9840012345,SRM Medical College Hospital,7.2,+91 9003011122,Rajiv Gandhi Govt Hospital,9.8,+91 9444022233
2023-06-12,0,None,111,60,14,98,Orthopedic,77,76,105,144,75,12,12,24,18,11,37,Accident,No,Apollo Hospital,3.5,+91 9840012345,SRM Medical College Hospital,7.2,+91 9003011122,Rajiv Gandhi Govt Hospital,9.8,+91 9444022233
2023-06-13,0,None,156,55,20,107,ICU,82,41,94,41,82,13,8,11,18,6,55,Chest pain,Yes,Apollo Hospital,3.5,+91 9840012345,SRM Medical College Hospital,7.2,+91 9003011122,Rajiv Gandhi Govt Hospital,9.8,+91 9444022233
2023-06-14,0,None,144,76,18,75,General,56,56,49,75,167,6,8,22,17,14,32,Accident,No,Apollo Hospital,3.5,+91 9840012345,SRM Medical College Hospital,7.2,+91 9003011122,Rajiv Gandhi Govt Hospital,9.8,+91 9444022233
2023-06-15,0,None,127,57,22,124,Surgery,75,84,109,138,129,10,5,19,13,15,40,Breathing issue,No,Apollo Hospital,3.5,+91 9840012345,SRM Medical College Hospital,7.2,+91 9003011122,Rajiv Gandhi Govt Hospital,9.8,+91 9444022233
2023-06-16,0,None,109,71,19,114,Pediatrics,92,81,73,122,170,9,5,16,18,18,5,Chest pain,No,Apollo Hospital,3.5,+91 9840012345,SRM Medical College Hospital,7.2,+91 9003011122,Rajiv Gandhi Govt Hospital,9.8,+91 9444022233
2023-06-17,0,None,137,74,14,149,Surgery,53,43,38,56,64,7,12,19,19,12,57,Breathing issue,No,Apollo Hospital,3.5,+91 9840012345,SRM Medical College Hospital,7.2,+91 9003011122,Rajiv Gandhi Govt Hospital,9.8,+91 9444022233
2023-06-18,0,None,112,72,15,138,ICU,65,57,100,63,151,9,14,15,15,20,22,Chest pain,No,Apollo Hospital,3.5,+91 9840012345,SRM Medical College Hospital,7.2,+91 9003011122,Rajiv Gandhi Govt Hospital,9.8,+91 9444022233
2023-06-19,0,None,118,47,28,108,Orthopedic,92,75,66,137,120,13,10,18,18,15,16,Chest pain,No,Apollo Hospital,3.5,+91 9840012345,SRM Medical College Hospital,7.2,+91 9003011122,Rajiv Gandhi Govt Hospital,9.8,+91 9444022233
2023-06-20,1,Rath Yatra,121,116,31,119,Orthopedic,69,79,42,131,99,6,8,22,18,12,5,Accident,No,Apollo Hospital,3.5,+91 9840012345,SRM Medical College Hospital,7.2,+91 9003011122,Rajiv Gandhi Govt Hospital,9.8,+91 9444022233
2023-06-21,0,None,93,45,25,125,Surgery,65,65,99,129,82,10,9,10,8,18,23,Fever,No,Apollo Hospital,3.5,+91 9840012345,SRM Medical College Hospital,7.2,+91 9003011122,Rajiv Gandhi Govt Hospital,9.8,+91 9444022233
2023-06-22,0,None,132,70,29,88,General,63,58,33,64,143,15,13,14,16,18,38,Headache,No,Apollo Hospital,3.5,+91 9840012345,SRM Medical College Hospital,7.2,+91 9003011122,Rajiv Gandhi Govt Hospital,9.8,+91 9444022233
2023-06-23,0,None,91,66,11,115,Orthopedic,78,30,56,62,195,7,11,24,17,9,36,Fever,Yes,Apollo Hospital,3.5,+91 9840012345,SRM Medical College Hospital,7.2,+91 9003011122,Rajiv Gandhi Govt Hospital,9.8,+91 9444022233
2023-06-24,0,None,89,51,12,141,ICU,61,74,40,138,194,11,11,14,13,20,52,Fever,No,Apollo Hospital,3.5,+91 9840012345,SRM Medical College Hospital,7.2,+91 9003011122,Rajiv Gandhi Govt Hospital,9.8,+91 9444022233
2023-06-25,0,None,129,67,12,105,General,56,30,103,58,183,7,10,19,16,24,12,Headache,No,Apollo Hospital,3.5,+91 9840012345,SRM Medical College Hospital,7.2,+91 9003011122,Rajiv Gandhi Govt Hospital,9.8,+91 9444022233
2023-06-26,0,None,141,68,27,121,Pediatrics,61,41,51,40,72,15,8,17,18,17,47,Fever,No,Apollo Hospital,3.5,+91 9840012345,SRM Medical College Hospital,7.2,+91 9003011122,Rajiv Gandhi Govt Hospital,9.8,+91 9444022233
2023-06-27,0,None,114,70,13,81,Orthopedic,78,62,75,52,155,10,7,20,13,13,48,Chest pain,No,Apollo Hospital,3.5,+91 9840012345,SRM Medical College Hospital,7.2,+91 9003011122,Rajiv Gandhi Govt Hospital,9.8,+91 9444022233
2023-06-28,0,None,123,76,18,102,Pediatrics,83,82,38,92,92,5,12,19,17,9,23,Headache,No,Apollo Hospital,3.5,+91 9840012345,SRM Medical College Hospital,7.2,+91 9003011122,Rajiv Gandhi Govt Hospital,9.8,+91 9444022233
2023-06-29,0,None,92,64,15,92,General,82,76,63,85,80,12,13,13,11,7,49,Accident,No,Apollo Hospital,3.5,+91 9840012345,SRM Medical College Hospital,7.2,+91 9003011122,Rajiv Gandhi Govt Hospital,9.8,+91 9444022233
2023-06-30,0,None,127,45,11,148,Orthopedic,59,32,109,60,142,12,12,13,12,23,20,Breathing issue,No,Apollo Hospital,3.5,+91 9840012345,SRM Medical College Hospital,7.2,+91 9003011122,Rajiv Gandhi Govt Hospital,9.8,+91 9444022233
2023-07-01,0,None,155,77,11,140,Surgery,83,77,104,53,196,17,13,12,12,13,25,Headache,No,Apollo Hospital,3.5,+91 9840012345,SRM Medical College Hospital,7.2,+91 9003011122,Rajiv Gandhi Govt Hospital,9.8,+91 9444022233
2023-07-02,0,None,86,61,11,112,Pediatrics,69,84,82,116,180,7,9,11,8,15,13,Accident,No,Apollo Hospital,3.5,+91 9840012345,SRM Medical College Hospital,7.2,+91 9003011122,Rajiv Gandhi Govt Hospital,9.8,+91 9444022233
2023-07-03,0,None,151,60,12,83,Surgery,73,54,70,64,172,9,7,13,8,17,57,Breathing issue,No,Apollo Hospital,3.5,+91 9840012345,SRM Medical College Hospital,7.2,+91 9003011122,Rajiv Gandhi Govt Hospital,9.8,+91 9444022233
2023-07-04,0,None,96,41,10,70,General,92,72,72,44,137,11,8,21,16,20,24,Headache,No,Apollo Hospital,3.5,+91 9840012345,SRM Medical College Hospital,7.2,+91 9003011122,Rajiv Gandhi Govt Hospital,9.8,+91 9444022233
2023-07-05,0,None,143,69,27,69,Surgery,61,46,74,133,94,10,6,11,12,24,30,Breathing issue,No,Apollo Hospital,3.5,+91 9840012345,SRM Medical College Hospital,7.2,+91 9003011122,Rajiv Gandhi Govt Hospital,9.8,+91 9444022233
2023-07-06,0,None,109,51,28,131,Pediatrics,70,75,47,140,50,18,7,19,12,13,12,Breathing issue,No,Apollo Hospital,3.5,+91 9840012345,SRM Medical College Hospital,7.2,+91 9003011122,Rajiv Gandhi Govt Hospital,9.8,+91 9444022233
2023-07-07,0,None,143,50,26,112,ICU,92,45,50,108,108,17,6,22,9,24,22,Accident,No,Apollo Hospital,3.5,+91 9840012345,SRM Medical College Hospital,7.2,+91 9003011122,Rajiv Gandhi Govt Hospital,9.8,+91 9444022233
2023-07-08,0,None,140,77,14,108,Orthopedic,71,47,62,69,168,19,8,12,18,6,8,Fever,No,Apollo Hospital,3.5,+91 9840012345,SRM Medical College Hospital,7.2,+91 9003011122,Rajiv Gandhi Govt Hospital,9.8,+91 9444022233
2023-07-09,0,None,118,48,15,73,ICU,51,41,31,48,173,14,6,20,10,8,47,Headache,No,Apollo Hospital,3.5,+91 9840012345,SRM Medical College Hospital,7.2,+91 9003011122,Rajiv Gandhi Govt Hospital,9.8,+91 9444022233
2023-07-10,0,None,143,69,27,80,Orthopedic,65,51,70,80,156,10,10,13,17,5,37,Breathing issue,No,Apollo Hospital,3.5,+91 9840012345,SRM Medical College Hospital,7.2,+91 9003011122,Rajiv Gandhi Govt Hospital,9.8,+91 9444022233
2023-07-11,0,None,146,46,17,147,Orthopedic,90,49,41,107,153,18,11,20,9,5,8,Chest pain,No,Apollo Hospital,3.5,+91 9840012345,SRM Medical College Hospital,7.2,+91 9003011122,Rajiv Gandhi Govt Hospital,9.8,+91 9444022233
2023-07-12,0,None,99,61,26,122,Orthopedic,65,67,38,116,105,11,12,11,13,16,55,Accident,No,Apollo Hospital,3.5,+91 9840012345,SRM Medical College Hospital,7.2,+91 9003011122,Rajiv Gandhi Govt Hospital,9.8,+91 9444022233
2023-07-13,0,None,148,69,20,129,ICU,77,75,52,103,131,10,10,15,11,17,26,Fever,No,Apollo Hospital,3.5,+91 9840012345,SRM Medical College Hospital,7.2,+91 9003011122,Rajiv Gandhi Govt Hospital,9.8,+91 9444022233
2023-07-14,0,None,88,49,10,61,Surgery,58,61,70,123,189,5,6,19,15,6,39,Headache,No,Apollo Hospital,3.5,+91 9840012345,SRM Medical College Hospital,7.2,+91 9003011122,Rajiv Gandhi Govt Hospital,9.8,+91 9444022233
2023-07-15,0,None,111,62,29,74,Pediatrics,54,54,56,119,198,6,6,14,11,20,18,Fever,No,Apollo Hospital,3.5,+91 9840012345,SRM Medical College Hospital,7.2,+91 9003011122,Rajiv Gandhi Govt Hospital,9.8,+91 9444022233
2023-07-16,0,None,121,63,18,81,Orthopedic,72,42,100,90,55,11,7,21,17,15,56,Fever,No,Apollo Hospital,3.5,+91 9840012345,SRM Medical College Hospital,7.2,+91 9003011122,Rajiv Gandhi Govt Hospital,9.8,+91 9444022233
2023-07-17,0,None,103,48,15,90,General,66,37,61,121,163,13,11,22,10,12,39,Breathing issue,No,Apollo Hospital,3.5,+91 9840012345,SRM Medical College Hospital,7.2,+91 9003011122,Rajiv Gandhi Govt Hospital,9.8,+91 9444022233
2023-07-18,0,None,103,43,22,121,General,50,32,63,136,116,14,7,21,12,21,22,Headache,No,Apollo Hospital,3.5,+91 9840012345,SRM Medical College Hospital,7.2,+91 9003011122,Rajiv Gandhi Govt Hospital,9.8,+91 9444022233
2023-07-19,0,None,150,43,28,144,General,52,37,35,108,78,6,7,10,14,16,57,Breathing issue,Yes,Apollo Hospital,3.5,+91 9840012345,SRM Medical College Hospital,7.2,+91 9003011122,Rajiv Gandhi Govt Hospital,9.8,+91 9444022233
2023-07-20,0,None,103,52,22,103,Pediatrics,62,30,35,140,109,15,8,17,15,22,33,Chest pain,No,Apollo Hospital,3.5,+91 9840012345,SRM Medical College Hospital,7.2,+91 9003011122,Rajiv Gandhi Govt Hospital,9.8,+91 9444022233
2023-07-21,0,None,145,51,15,103,Surgery,62,40,100,144,125,19,10,18,10,24,33,Headache,No,Apollo Hospital,3.5,+91 9840012345,SRM Medical College Hospital,7.2,+91 9003011122,Rajiv Gandhi Govt Hospital,9.8,+91 9444022233
2023-07-22,0,None,87,42,18,79,ICU,93,64,34,117,144,15,13,10,9,20,20,Fever,No,Apollo Hospital,3.5,+91 9840012345,SRM Medical College Hospital,7.2,+91 9003011122,Rajiv Gandhi Govt Hospital,9.8,+91 9444022233
2023-07-23,0,None,148,41,21,83,Orthopedic,76,89,103,82,131,10,8,17,14,20,49,Headache,No,Apollo Hospital,3.5,+91 9840012345,SRM Medical College Hospital,7.2,+91 9003011122,Rajiv Gandhi Govt Hospital,9.8,+91 9444022233
2023-07-24,0,None,89,60,10,67,Orthopedic,65,86,66,93,76,13,12,11,15,18,55,Breathing issue,No,Apollo Hospital,3.5,+91 9840012345,SRM Medical College Hospital,7.2,+91 9003011122,Rajiv Gandhi Govt Hospital,9.8,+91 9444022233
2023-07-25,0,None,149,58,18,71,Pediatrics,66,53,61,117,166,15,6,20,19,24,54,Chest pain,No,Apollo Hospital,3.5,+91 9840012345,SRM Medical College Hospital,7.2,+91 9003011122,Rajiv Gandhi Govt Hospital,9.8,+91 9444022233
2023-07-26,0,None,114,62,27,129,Surgery,87,41,79,140,110,8,9,24,15,22,49,Accident,No,Apollo Hospital,3.5,+91 9840012345,SRM Medical College Hospital,7.2,+91 9003011122,Rajiv Gandhi Govt Hospital,9.8,+91 9444022233
2023-07-27,0,None,112,50,26,120,ICU,50,31,38,43,144,7,13,10,16,24,11,Headache,No,Apollo Hospital,3.5,+91 9840012345,SRM Medical College Hospital,7.2,+91 9003011122,Rajiv Gandhi Govt Hospital,9.8,+91 9444022233
2023-07-28,0,None,146,72,15,71,Orthopedic,77,77,87,146,74,16,5,13,10,20,52,Headache,No,Apollo Hospital,3.5,+91 9840012345,SRM Medical College Hospital,7.2,+91 9003011122,Rajiv Gandhi Govt Hospital,9.8,+91 9444022233
2023-07-29,0,None,116,59,22,100,ICU,82,54,57,122,172,12,9,16,19,15,39,Headache,No,Apollo Hospital,3.5,+91 9840012345,SRM Medical College Hospital,7.2,+91 9003011122,Rajiv Gandhi Govt Hospital,9.8,+91 9444022233
2023-07-30,0,None,132,50,18,108,Surgery,70,31,56,102,101,18,9,22,14,16,13,Breathing issue,No,Apollo Hospital,3.5,+91 9840012345,SRM Medical College Hospital,7.2,+91 9003011122,Rajiv Gandhi Govt Hospital,9.8,+91 9444022233
2023-07-31,0,None,108,63,25,91,ICU,73,70,37,138,147,9,9,20,13,13,37,Breathing issue,No,Apollo Hospital,3.5,+91 9840012345,SRM Medical College Hospital,7.2,+91 9003011122,Rajiv Gandhi Govt Hospital,9.8,+91 9444022233
2023-08-01,0,None,96,76,20,92,Orthopedic,50,84,74,85,53,16,6,19,14,10,53,Accident,No,Apollo Hospital,3.5,+91 9840012345,SRM Medical College Hospital,7.2,+91 9003011122,Rajiv Gandhi Govt Hospital,9.8,+91 9444022233
2023-08-02,0,None,133,48,17,110,Orthopedic,71,35,97,48,120,6,13,14,14,22,55,Accident,No,Apollo Hospital,3.5,+91 9840012345,SRM Medical College Hospital,7.2,+91 9003011122,Rajiv Gandhi Govt Hospital,9.8,+91 9444022233
2023-08-03,0,None,90,71,23,63,General,67,79,36,96,146,5,10,13,12,8,58,Chest pain,No,Apollo Hospital,3.5,+91 9840012345,SRM Medical College Hospital,7.2,+91 9003011122,Rajiv Gandhi Govt Hospital,9.8,+91 9444022233
2023-08-04,0,None,142,65,15,112,ICU,65,69,54,135,55,14,8,13,17,7,13,Headache,No,Apollo Hospital,3.5,+91 9840012345,SRM Medical College Hospital,7.2,+91 9003011122,Rajiv Gandhi Govt Hospital,9.8,+91 9444022233
2023-08-05,0,None,151,57,11,97,ICU,59,60,69,142,107,17,6,10,17,9,15,Headache,Yes,Apollo Hospital,3.5,+91 9840012345,SRM Medical College Hospital,7.2,+91 9003011122,Rajiv Gandhi Govt Hospital,9.8,+91 9444022233
2023-08-06,0,None,144,76,26,140,General,50,57,84,148,72,13,13,10,19,12,39,Chest pain,No,Apollo Hospital,3.5,+91 9840012345,SRM Medical College Hospital,7.2,+91 9003011122,Rajiv Gandhi Govt Hospital,9.8,+91 9444022233
2023-08-07,0,None,90,46,14,78,Orthopedic,84,58,74,106,140,5,10,11,8,9,28,Accident,No,Apollo Hospital,3.5,+91 9840012345,SRM Medical College Hospital,7.2,+91 9003011122,Rajiv Gandhi Govt Hospital,9.8,+91 9444022233
2023-08-08,0,None,112,63,29,80,Orthopedic,91,68,92,95,128,5,14,11,14,19,40,Fever,No,Apollo Hospital,3.5,+91 9840012345,SRM Medical College Hospital,7.2,+91 9003011122,Rajiv Gandhi Govt Hospital,9.8,+91 9444022233
2023-08-09,0,None,98,43,28,143,Surgery,56,55,55,116,72,10,13,18,12,16,52,Accident,No,Apollo Hospital,3.5,+91 9840012345,SRM Medical College Hospital,7.2,+91 9003011122,Rajiv Gandhi Govt Hospital,9.8,+91 9444022233
2023-08-10,0,None,99,58,19,101,ICU,66,44,101,82,191,15,11,18,19,21,32,Chest pain,No,Apollo Hospital,3.5,+91 9840012345,SRM Medical College Hospital,7.2,+91 9003011122,Rajiv Gandhi Govt Hospital,9.8,+91 9444022233
2023-08-11,0,None,114,51,16,94,Pediatrics,76,53,87,118,151,16,11,23,8,18,23,Headache,No,Apollo Hospital,3.5,+91 9840012345,SRM Medical College Hospital,7.2,+91 9003011122,Rajiv Gandhi Govt Hospital,9.8,+91 9444022233
2023-08-12,0,None,109,74,28,96,Pediatrics,72,72,72,53,59,14,11,20,15,10,34,Breathing issue,No,Apollo Hospital,3.5,+91 9840012345,SRM Medical College Hospital,7.2,+91 9003011122,Rajiv Gandhi Govt Hospital,9.8,+91 9444022233
2023-08-13,0,None,155,61,10,142,Orthopedic,90,34,95,145,126,19,6,24,18,6,39,Breathing issue,No,Apollo Hospital,3.5,+91 9840012345,SRM Medical College Hospital,7.2,+91 9003011122,Rajiv Gandhi Govt Hospital,9.8,+91 9444022233
2023-08-14,0,None,145,42,20,86,ICU,73,34,51,109,155,18,13,17,14,20,50,Accident,Yes,Apollo Hospital,3.5,+91 9840012345,SRM Medical College Hospital,7.2,+91 9003011122,Rajiv Gandhi Govt Hospital,9.8,+91 9444022233
2023-08-15,0,None,116,68,10,70,General,64,60,75,118,171,16,11,16,19,8,19,Fever,No,Apollo Hospital,3.5,+91 9840012345,SRM Medical College Hospital,7.2,+91 9003011122,Rajiv Gandhi Govt Hospital,9.8,+91 9444022233
2023-08-16,0,None,129,45,28,111,ICU,89,47,63,60,64,16,8,19,10,7,12,Accident,No,Apollo Hospital,3.5,+91 9840012345,SRM Medical College Hospital,7.2,+91 9003011122,Rajiv Gandhi Govt Hospital,9.8,+91 9444022233
2023-08-17,0,None,157,68,18,68,General,79,48,56,81,50,7,14,21,13,7,29,Headache,No,Apollo Hospital,3.5,+91 9840012345,SRM Medical College Hospital,7.2,+91 9003011122,Rajiv Gandhi Govt Hospital,9.8,+91 9444022233
2023-08-18,0,None,113,60,29,73,General,51,57,51,108,191,14,8,22,8,17,51,Headache,No,Apollo Hospital,3.5,+91 9840012345,SRM Medical College Hospital,7.2,+91 9003011122,Rajiv Gandhi Govt Hospital,9.8,+91 9444022233
2023-08-19,0,None,81,52,17,119,Pediatrics,88,68,65,135,173,18,10,18,8,12,18,Accident,No,Apollo Hospital,3.5,+91 9840012345,SRM Medical College Hospital,7.2,+91 9003011122,Rajiv Gandhi Govt Hospital,9.8,+91 9444022233
2023-08-20,0,None,93,53,25,123,General,63,75,33,54,105,19,10,23,11,5,52,Chest pain,No,Apollo Hospital,3.5,+91 9840012345,SRM Medical College Hospital,7.2,+91 9003011122,Rajiv Gandhi Govt Hospital,9.8,+91 9444022233
2023-08-21,0,None,129,65,12,69,Orthopedic,73,43,33,45,93,11,5,18,15,7,47,Fever,Yes,Apollo Hospital,3.5,+91 9840012345,SRM Medical College Hospital,7.2,+91 9003011122,Rajiv Gandhi Govt Hospital,9.8,+91 9444022233
2023-08-22,0,None,83,74,26,117,General,81,33,65,144,141,10,9,20,10,8,56,Headache,No,Apollo Hospital,3.5,+91 9840012345,SRM Medical College Hospital,7.2,+91 9003011122,Rajiv Gandhi Govt Hospital,9.8,+91 9444022233
2023-08-23,0,None,100,57,12,101,Surgery,78,49,48,82,188,12,9,18,19,18,32,Breathing issue,No,Apollo Hospital,3.5,+91 9840012345,SRM Medical College Hospital,7.2,+91 9003011122,Rajiv Gandhi Govt Hospital,9.8,+91 9444022233
2023-08-24,0,None,98,53,29,116,General,87,59,56,145,96,11,8,16,9,24,17,Chest pain,No,Apollo Hospital,3.5,+91 9840012345,SRM Medical College Hospital,7.2,+91 9003011122,Rajiv Gandhi Govt Hospital,9.8,+91 9444022233
2023-08-25,0,None,100,72,15,60,ICU,90,89,47,116,146,19,5,17,9,23,22,Fever,No,Apollo Hospital,3.5,+91 9840012345,SRM Medical College Hospital,7.2,+91 9003011122,Rajiv Gandhi Govt Hospital,9.8,+91 9444022233
2023-08-26,0,None,92,43,27,81,Surgery,89,60,64,130,136,10,10,22,8,11,28,Chest pain,No,Apollo Hospital,3.5,+91 9840012345,SRM Medical College Hospital,7.2,+91 9003011122,Rajiv Gandhi Govt Hospital,9.8,+91 9444022233
2023-08-27,0,None,154,49,13,124,ICU,64,53,51,67,124,12,8,15,9,21,26,Headache,No,Apollo Hospital,3.5,+91 9840012345,SRM Medical College Hospital,7.2,+91 9003011122,Rajiv Gandhi Govt Hospital,9.8,+91 9444022233
2023-08-28,0,None,105,46,16,149,ICU,50,60,80,91,167,16,10,13,19,11,34,Breathing issue,No,Apollo Hospital,3.5,+91 9840012345,SRM Medical College Hospital,7.2,+91 9003011122,Rajiv Gandhi Govt Hospital,9.8,+91 9444022233
2023-08-29,0,None,114,72,29,85,Pediatrics,50,52,45,49,56,8,9,23,11,7,28,Chest pain,No,Apollo Hospital,3.5,+91 9840012345,SRM Medical College Hospital,7.2,+91 9003011122,Rajiv Gandhi Govt Hospital,9.8,+91 9444022233
2023-08-30,0,None,121,63,26,78,ICU,64,63,102,147,182,5,8,24,13,16,17,Headache,No,Apollo Hospital,3.5,+91 9840012345,SRM Medical College Hospital,7.2,+91 9003011122,Rajiv Gandhi Govt Hospital,9.8,+91 9444022233
2023-08-31,0,None,120,78,25,69,Orthopedic,90,78,81,145,161,17,14,21,8,20,41,Headache,No,Apollo Hospital,3.5,+91 9840012345,SRM Medical College Hospital,7.2,+91 9003011122,Rajiv Gandhi Govt Hospital,9.8,+91 9444022233
2023-09-01,0,None,118,40,25,124,ICU,80,58,53,68,117,8,6,24,8,16,46,Headache,No,Apollo Hospital,3.5,+91 9840012345,SRM Medical College Hospital,7.2,+91 9003011122,Rajiv Gandhi Govt Hospital,9.8,+91 9444022233
2023-09-02,0,None,81,58,29,84,General,90,73,86,59,177,14,9,23,19,15,42,Fever,No,Apollo Hospital,3.5,+91 9840012345,SRM Medical College Hospital,7.2,+91 9003011122,Rajiv Gandhi Govt Hospital,9.8,+91 9444022233
2023-09-03,0,None,119,59,16,123,Orthopedic,67,70,35,117,159,12,9,11,13,20,39,Chest pain,No,Apollo Hospital,3.5,+91 9840012345,SRM Medical College Hospital,7.2,+91 9003011122,Rajiv Gandhi Govt Hospital,9.8,+91 9444022233
2023-09-04,0,None,140,65,26,149,ICU,67,48,104,101,150,16,7,23,18,11,34,Headache,Yes,Apollo Hospital,3.5,+91 9840012345,SRM Medical College Hospital,7.2,+91 9003011122,Rajiv Gandhi Govt Hospital,9.8,+91 9444022233
2023-09-05,0,None,109,47,17,147,Surgery,81,86,80,105,54,18,11,20,15,19,36,Accident,No,Apollo Hospital,3.5,+91 9840012345,SRM Medical College Hospital,7.2,+91 9003011122,Rajiv Gandhi Govt Hospital,9.8,+91 9444022233
2023-09-06,0,None,97,75,12,116,Pediatrics,63,66,42,69,168,14,14,23,9,9,30,Headache,No,Apollo Hospital,3.5,+91 9840012345,SRM Medical College Hospital,7.2,+91 9003011122,Rajiv Gandhi Govt Hospital,9.8,+91 9444022233
2023-09-07,0,None,133,61,18,124,General,56,65,38,125,60,13,12,18,10,19,45,Breathing issue,No,Apollo Hospital,3.5,+91 9840012345,SRM Medical College Hospital,7.2,+91 9003011122,Rajiv Gandhi Govt Hospital,9.8,+91 9444022233
2023-09-08,0,None,128,44,13,120,Pediatrics,81,31,97,71,86,18,10,19,18,21,38,Chest pain,No,Apollo Hospital,3.5,+91 9840012345,SRM Medical College Hospital,7.2,+91 9003011122,Rajiv Gandhi Govt Hospital,9.8,+91 9444022233
2023-09-09,0,None,83,60,14,87,Pediatrics,64,47,62,130,167,15,6,22,11,12,49,Accident,No,Apollo Hospital,3.5,+91 9840012345,SRM Medical College Hospital,7.2,+91 9003011122,Rajiv Gandhi Govt Hospital,9.8,+91 9444022233
2023-09-10,0,None,94,53,10,102,General,67,48,89,87,196,16,6,18,18,16,41,Accident,No,Apollo Hospital,3.5,+91 9840012345,SRM Medical College Hospital,7.2,+91 9003011122,Rajiv Gandhi Govt Hospital,9.8,+91 9444022233
2023-09-11,0,None,90,54,21,123,Surgery,85,67,77,74,129,5,14,13,18,14,27,Accident,No,Apollo Hospital,3.5,+91 9840012345,SRM Medical College Hospital,7.2,+91 9003011122,Rajiv Gandhi Govt Hospital,9.8,+91 9444022233
2023-09-12,0,None,106,44,21,103,Pediatrics,52,60,100,69,98,10,7,17,16,7,48,Breathing issue,No,Apollo Hospital,3.5,+91 9840012345,SRM Medical College Hospital,7.2,+91 9003011122,Rajiv Gandhi Govt Hospital,9.8,+91 9444022233
2023-09-13,0,None,100,57,13,124,Pediatrics,70,72,81,47,131,16,6,14,16,20,22,Chest pain,No,Apollo Hospital,3.5,+91 9840012345,SRM Medical College Hospital,7.2,+91 9003011122,Rajiv Gandhi Govt Hospital,9.8,+91 9444022233
2023-09-14,0,None,110,55,11,142,Surgery,92,74,100,81,114,17,7,14,16,20,42,Breathing issue,No,Apollo Hospital,3.5,+91 9840012345,SRM Medical College Hospital,7.2,+91 9003011122,Rajiv Gandhi Govt Hospital,9.8,+91 9444022233
2023-09-15,0,None,155,51,23,111,General,66,37,106,51,175,14,10,22,17,19,5,Chest pain,Yes,Apollo Hospital,3.5,+91 9840012345,SRM Medical College Hospital,7.2,+91 9003011122,Rajiv Gandhi Govt Hospital,9.8,+91 9444022233
2023-09-16,0,None,125,49,24,64,Pediatrics,65,80,61,140,182,10,7,24,15,12,28,Fever,No,Apollo Hospital,3.5,+91 9840012345,SRM Medical College Hospital,7.2,+91 9003011122,Rajiv Gandhi Govt Hospital,9.8,+91 9444022233
2023-09-17,0,None,154,55,26,139,Orthopedic,88,67,44,112,55,13,7,14,9,20,38,Headache,No,Apollo Hospital,3.5,+91 9840012345,SRM Medical College Hospital,7.2,+91 9003011122,Rajiv Gandhi Govt Hospital,9.8,+91 9444022233
2023-09-18,0,None,121,50,26,118,Pediatrics,58,38,109,55,181,7,10,10,8,15,6,Accident,No,Apollo Hospital,3.5,+91 9840012345,SRM Medical College Hospital,7.2,+91 9003011122,Rajiv Gandhi Govt Hospital,9.8,+91 9444022233
2023-09-19,1,Ganesh Chaturthi,114,111,50,168,Surgery,56,55,30,83,180,19,7,19,11,5,38,Headache,No,Apollo Hospital,3.5,+91 9840012345,SRM Medical College Hospital,7.2,+91 9003011122,Rajiv Gandhi Govt Hospital,9.8,+91 9444022233
2023-09-20,0,None,110,43,19,141,Surgery,75,60,96,47,156,6,10,16,17,14,14,Chest pain,No,Apollo Hospital,3.5,+91 9840012345,SRM Medical College Hospital,7.2,+91 9003011122,Rajiv Gandhi Govt Hospital,9.8,+91 9444022233
2023-09-21,0,None,102,66,15,101,Surgery,58,63,54,79,103,12,7,14,9,13,54,Headache,No,Apollo Hospital,3.5,+91 9840012345,SRM Medical College Hospital,7.2,+91 9003011122,Rajiv Gandhi Govt Hospital,9.8,+91 9444022233
2023-09-22,0,None,106,66,16,94,ICU,67,46,67,105,78,19,7,24,17,18,11,Fever,No,Apollo Hospital,3.5,+91 9840012345,SRM Medical College Hospital,7.2,+91 9003011122,Rajiv Gandhi Govt Hospital,9.8,+91 9444022233
2023-09-23,0,None,156,60,24,84,ICU,89,49,66,82,146,9,10,22,9,23,29,Fever,No,Apollo Hospital,3.5,+91 9840012345,SRM Medical College Hospital,7.2,+91 9003011122,Rajiv Gandhi Govt Hospital,9.8,+91 9444022233
2023-09-24,0,None,107,65,12,119,Pediatrics,89,39,106,131,140,19,12,13,10,21,16,Breathing issue,No,Apollo Hospital,3.5,+91 9840012345,SRM Medical College Hospital,7.2,+91 9003011122,Rajiv Gandhi Govt Hospital,9.8,+91 9444022233
2023-09-25,0,None,119,68,26,80,Pediatrics,71,52,99,66,68,18,6,19,9,24,41,Chest pain,No,Apollo Hospital,3.5,+91 9840012345,SRM Medical College Hospital,7.2,+91 9003011122,Rajiv Gandhi Govt Hospital,9.8,+91 9444022233
2023-09-26,0,None,148,74,24,140,Surgery,50,42,33,103,133,12,12,17,9,21,51,Accident,Yes,Apollo Hospital,3.5,+91 9840012345,SRM Medical College Hospital,7.2,+91 9003011122,Rajiv Gandhi Govt Hospital,9.8,+91 9444022233
2023-09-27,0,None,102,51,10,111,Pediatrics,59,66,40,62,176,13,9,15,18,5,22,Headache,No,Apollo Hospital,3.5,+91 9840012345,SRM Medical College Hospital,7.2,+91 9003011122,Rajiv Gandhi Govt Hospital,9.8,+91 9444022233
2023-09-28,0,None,128,67,15,135,Pediatrics,62,87,60,128,114,17,12,10,16,14,59,Breathing issue,No,Apollo Hospital,3.5,+91 9840012345,SRM Medical College Hospital,7.2,+91 9003011122,Rajiv Gandhi Govt Hospital,9.8,+91 9444022233
2023-09-29,0,None,86,56,16,83,Orthopedic,62,55,75,71,166,15,10,21,16,9,41,Headache,No,Apollo Hospital,3.5,+91 9840012345,SRM Medical College Hospital,7.2,+91 9003011122,Rajiv Gandhi Govt Hospital,9.8,+91 9444022233
2023-09-30,0,None,131,73,23,106,ICU,63,81,61,140,108,8,12,23,18,19,19,Accident,No,Apollo Hospital,3.5,+91 9840012345,SRM Medical College Hospital,7.2,+91 9003011122,Rajiv Gandhi Govt Hospital,9.8,+91 9444022233
2023-10-01,0,None,118,65,29,100,Orthopedic,88,75,72,72,75,19,12,22,9,10,10,Accident,No,Apollo Hospital,3.5,+91 9840012345,SRM Medical College Hospital,7.2,+91 9003011122,Rajiv Gandhi Govt Hospital,9.8,+91 9444022233
2023-10-02,0,None,101,50,16,82,ICU,82,48,52,126,58,17,9,12,13,22,48,Fever,No,Apollo Hospital,3.5,+91 9840012345,SRM Medical College Hospital,7.2,+91 9003011122,Rajiv Gandhi Govt Hospital,9.8,+91 9444022233
2023-10-03,0,None,127,66,22,63,Pediatrics,89,86,91,89,170,10,8,18,15,9,19,Chest pain,No,Apollo Hospital,3.5,+91 9840012345,SRM Medical College Hospital,7.2,+91 9003011122,Rajiv Gandhi Govt Hospital,9.8,+91 9444022233
2023-10-04,0,None,109,40,27,109,ICU,90,52,49,41,136,18,13,11,12,19,21,Breathing issue,No,Apollo Hospital,3.5,+91 9840012345,SRM Medical College Hospital,7.2,+91 9003011122,Rajiv Gandhi Govt Hospital,9.8,+91 9444022233
2023-10-05,0,None,104,77,28,64,Surgery,63,43,65,130,54,5,8,14,19,13,37,Fever,No,Apollo Hospital,3.5,+91 9840012345,SRM Medical College Hospital,7.2,+91 9003011122,Rajiv Gandhi Govt Hospital,9.8,+91 9444022233
2023-10-06,0,None,95,47,14,82,ICU,55,47,74,149,93,13,13,15,14,10,33,Headache,No,Apollo Hospital,3.5,+91 9840012345,SRM Medical College Hospital,7.2,+91 9003011122,Rajiv Gandhi Govt Hospital,9.8,+91 9444022233
2023-10-07,0,None,92,61,14,134,Surgery,92,33,76,102,56,19,14,14,11,6,36,Fever,Yes,Apollo Hospital,3.5,+91 9840012345,SRM Medical College Hospital,7.2,+91 9003011122,Rajiv Gandhi Govt Hospital,9.8,+91 9444022233
2023-10-08,0,None,124,74,27,102,Orthopedic,64,35,54,84,92,12,11,15,11,13,40,Chest pain,No,Apollo Hospital,3.5,+91 9840012345,SRM Medical College Hospital,7.2,+91 9003011122,Rajiv Gandhi Govt Hospital,9.8,+91 9444022233
2023-10-09,0,None,123,66,13,88,Surgery,65,57,73,89,151,15,5,16,9,13,50,Fever,Yes,Apollo Hospital,3.5,+91 9840012345,SRM Medical College Hospital,7.2,+91 9003011122,Rajiv Gandhi Govt Hospital,9.8,+91 9444022233
2023-10-10,0,None,106,40,27,68,Surgery,57,77,72,84,74,10,13,21,11,21,34,Headache,No,Apollo Hospital,3.5,+91 9840012345,SRM Medical College Hospital,7.2,+91 9003011122,Rajiv Gandhi Govt Hospital,9.8,+91 9444022233
2023-10-11,0,None,144,57,21,88,Orthopedic,83,59,52,127,51,15,13,11,9,12,19,Chest pain,No,Apollo Hospital,3.5,+91 9840012345,SRM Medical College Hospital,7.2,+91 9003011122,Rajiv Gandhi Govt Hospital,9.8,+91 9444022233
2023-10-12,0,None,114,74,20,128,General,68,43,58,102,76,7,9,16,12,10,40,Accident,No,Apollo Hospital,3.5,+91 9840012345,SRM Medical College Hospital,7.2,+91 9003011122,Rajiv Gandhi Govt Hospital,9.8,+91 9444022233
2023-10-13,0,None,152,45,28,105,ICU,64,80,37,73,191,8,8,17,17,19,20,Accident,No,Apollo Hospital,3.5,+91 9840012345,SRM Medical College Hospital,7.2,+91 9003011122,Rajiv Gandhi Govt Hospital,9.8,+91 9444022233
2023-10-14,0,None,139,72,13,139,Surgery,76,68,82,85,192,9,11,19,12,11,22,Fever,Yes,Apollo Hospital,3.5,+91 9840012345,SRM Medical College Hospital,7.2,+91 9003011122,Rajiv Gandhi Govt Hospital,9.8,+91 9444022233
2023-10-15,1,Navratri,108,105,43,202,Orthopedic,52,30,106,52,97,9,12,17,9,14,57,Chest pain,Yes,Apollo Hospital,3.5,+91 9840012345,SRM Medical College Hospital,7.2,+91 9003011122,Rajiv Gandhi Govt Hospital,9.8,+91 9444022233
2023-10-16,0,None,123,52,19,111,General,68,56,38,56,75,11,7,24,8,11,47,Breathing issue,No,Apollo Hospital,3.5,+91 9840012345,SRM Medical College Hospital,7.2,+91 9003011122,Rajiv Gandhi Govt Hospital,9.8,+91 9444022233
2023-10-17,0,None,146,45,25,81,Orthopedic,60,72,74,106,57,12,8,14,11,6,19,Headache,No,Apollo Hospital,3.5,+91 9840012345,SRM Medical College Hospital,7.2,+91 9003011122,Rajiv Gandhi Govt Hospital,9.8,+91 9444022233
2023-10-18,0,None,107,43,11,87,Surgery,90,86,31,62,95,11,11,10,8,16,32,Accident,No,Apollo Hospital,3.5,+91 9840012345,SRM Medical College Hospital,7.2,+91 9003011122,Rajiv Gandhi Govt Hospital,9.8,+91 9444022233
2023-10-19,0,None,138,70,18,73,Pediatrics,79,34,41,70,176,13,5,19,8,22,58,Headache,No,Apollo Hospital,3.5,+91 9840012345,SRM Medical College Hospital,7.2,+91 9003011122,Rajiv Gandhi Govt Hospital,9.8,+91 9444022233
2023-10-20,0,None,100,79,15,91,Surgery,85,32,38,52,81,9,14,18,18,5,30,Chest pain,No,Apollo Hospital,3.5,+91 9840012345,SRM Medical College Hospital,7.2,+91 9003011122,Rajiv Gandhi Govt Hospital,9.8,+91 9444022233
2023-10-21,0,None,82,41,10,100,ICU,59,33,53,111,192,13,7,17,12,21,41,Chest pain,No,Apollo Hospital,3.5,+91 9840012345,SRM Medical College Hospital,7.2,+91 9003011122,Rajiv Gandhi Govt Hospital,9.8,+91 9444022233
2023-10-22,0,None,89,52,21,141,Pediatrics,86,75,61,40,102,6,7,20,17,20,31,Fever,No,Apollo Hospital,3.5,+91 9840012345,SRM Medical College Hospital,7.2,+91 9003011122,Rajiv Gandhi Govt Hospital,9.8,+91 9444022233
2023-10-23,0,None,152,70,26,75,ICU,53,40,73,85,130,15,6,16,18,7,50,Chest pain,No,Apollo Hospital,3.5,+91 9840012345,SRM Medical College Hospital,7.2,+91 9003011122,Rajiv Gandhi Govt Hospital,9.8,+91 9444022233
2023-10-24,0,None,135,69,29,103,ICU,87,43,48,149,194,18,5,14,16,18,35,Fever,No,Apollo Hospital,3.5,+91 9840012345,SRM Medical College Hospital,7.2,+91 9003011122,Rajiv Gandhi Govt Hospital,9.8,+91 9444022233
2023-10-25,0,None,157,53,19,139,General,77,47,61,143,189,8,7,14,8,6,27,Chest pain,No,Apollo Hospital,3.5,+91 9840012345,SRM Medical College Hospital,7.2,+91 9003011122,Rajiv Gandhi Govt Hospital,9.8,+91 9444022233
2023-10-26,0,None,147,41,16,87,ICU,51,30,93,45,69,10,8,23,13,12,45,Chest pain,Yes,Apollo Hospital,3.5,+91 9840012345,SRM Medical College Hospital,7.2,+91 9003011122,Rajiv Gandhi Govt Hospital,9.8,+91 9444022233
2023-10-27,0,None,151,47,27,110,Pediatrics,68,57,74,77,86,16,8,21,11,22,45,Accident,No,Apollo Hospital,3.5,+91 9840012345,SRM Medical College Hospital,7.2,+91 9003011122,Rajiv Gandhi Govt Hospital,9.8,+91 9444022233
2023-10-28,0,None,106,59,23,108,Surgery,69,47,61,91,115,19,11,12,18,12,49,Chest pain,No,Apollo Hospital,3.5,+91 9840012345,SRM Medical College Hospital,7.2,+91 9003011122,Rajiv Gandhi Govt Hospital,9.8,+91 9444022233
2023-10-29,0,None,134,70,17,133,ICU,78,86,68,83,184,12,9,23,14,5,16,Chest pain,No,Apollo Hospital,3.5,+91 9840012345,SRM Medical College Hospital,7.2,+91 9003011122,Rajiv Gandhi Govt Hospital,9.8,+91 9444022233
2023-10-30,0,None,131,72,21,93,Orthopedic,57,47,42,102,174,17,10,14,9,10,42,Accident,No,Apollo Hospital,3.5,+91 9840012345,SRM Medical College Hospital,7.2,+91 9003011122,Rajiv Gandhi Govt Hospital,9.8,+91 9444022233
2023-10-31,0,None,159,46,16,79,ICU,53,52,101,58,139,6,10,23,11,23,57,Accident,No,Apollo Hospital,3.5,+91 9840012345,SRM Medical College Hospital,7.2,+91 9003011122,Rajiv Gandhi Govt Hospital,9.8,+91 9444022233
2023-11-01,0,None,346,66,21,121,Surgery,60,33,100,74,108,10,5,16,19,19,56,Headache,No,Apollo Hospital,3.5,+91 9840012345,SRM Medical College Hospital,7.2,+91 9003011122,Rajiv Gandhi Govt Hospital,9.8,+91 9444022233
2023-11-02,0,None,345,67,28,124,Surgery,69,68,91,117,109,10,11,16,8,16,48,Fever,No,Apollo Hospital,3.5,+91 9840012345,SRM Medical College Hospital,7.2,+91 9003011122,Rajiv Gandhi Govt Hospital,9.8,+91 9444022233
2023-11-03,0,None,264,75,25,76,Orthopedic,88,85,39,105,89,13,14,14,18,16,17,Chest pain,Yes,Apollo Hospital,3.5,+91 9840012345,SRM Medical College Hospital,7.2,+91 9003011122,Rajiv Gandhi Govt Hospital,9.8,+91 9444022233
2023-11-04,0,None,340,90,24,105,Orthopedic,89,74,93,83,70,7,13,16,13,14,29,Breathing issue,No,Apollo Hospital,3.5,+91 9840012345,SRM Medical College Hospital,7.2,+91 9003011122,Rajiv Gandhi Govt Hospital,9.8,+91 9444022233
2023-11-05,0,None,286,51,12,62,Pediatrics,60,57,47,96,152,19,12,14,9,18,40,Breathing issue,No,Apollo Hospital,3.5,+91 9840012345,SRM Medical College Hospital,7.2,+91 9003011122,Rajiv Gandhi Govt Hospital,9.8,+91 9444022233
2023-11-06,0,None,239,46,23,74,Pediatrics,64,89,85,139,113,15,7,22,8,6,41,Breathing issue,No,Apollo Hospital,3.5,+91 9840012345,SRM Medical College Hospital,7.2,+91 9003011122,Rajiv Gandhi Govt Hospital,9.8,+91 9444022233
2023-11-07,0,None,315,79,24,125,Orthopedic,58,37,88,108,77,14,6,17,16,20,36,Fever,Yes,Apollo Hospital,3.5,+91 9840012345,SRM Medical College Hospital,7.2,+91 9003011122,Rajiv Gandhi Govt Hospital,9.8,+91 9444022233
2023-11-08,0,None,348,77,19,114,Pediatrics,85,50,63,57,51,5,8,19,19,7,28,Chest pain,No,Apollo Hospital,3.5,+91 9840012345,SRM Medical College Hospital,7.2,+91 9003011122,Rajiv Gandhi Govt Hospital,9.8,+91 9444022233
2023-11-09,0,None,279,73,22,128,ICU,91,80,86,102,184,18,7,10,12,14,20,Accident,No,Apollo Hospital,3.5,+91 9840012345,SRM Medical College Hospital,7.2,+91 9003011122,Rajiv Gandhi Govt Hospital,9.8,+91 9444022233
2023-11-10,0,None,238,64,29,126,ICU,77,78,30,60,198,6,8,15,9,23,7,Headache,No,Apollo Hospital,3.5,+91 9840012345,SRM Medical College Hospital,7.2,+91 9003011122,Rajiv Gandhi Govt Hospital,9.8,+91 9444022233
2023-11-11,0,None,254,65,16,125,Surgery,87,81,51,81,187,10,11,16,19,21,29,Fever,No,Apollo Hospital,3.5,+91 9840012345,SRM Medical College Hospital,7.2,+91 9003011122,Rajiv Gandhi Govt Hospital,9.8,+91 9444022233
2023-11-12,1,Diwali,284,116,35,110,Orthopedic,74,31,71,83,158,5,6,20,19,6,53,Fever,No,Apollo Hospital,3.5,+91 9840012345,SRM Medical College Hospital,7.2,+91 9003011122,Rajiv Gandhi Govt Hospital,9.8,+91 9444022233
2023-11-13,0,None,297,81,27,88,General,55,70,60,137,132,11,6,20,10,20,8,Headache,No,Apollo Hospital,3.5,+91 9840012345,SRM Medical College Hospital,7.2,+91 9003011122,Rajiv Gandhi Govt Hospital,9.8,+91 9444022233
2023-11-14,0,None,319,60,22,97,Pediatrics,74,86,36,81,81,18,12,19,19,8,49,Accident,No,Apollo Hospital,3.5,+91 9840012345,SRM Medical College Hospital,7.2,+91 9003011122,Rajiv Gandhi Govt Hospital,9.8,+91 9444022233
2023-11-15,0,None,338,65,15,124,General,61,39,41,148,140,19,6,12,17,14,32,Headache,No,Apollo Hospital,3.5,+91 9840012345,SRM Medical College Hospital,7.2,+91 9003011122,Rajiv Gandhi Govt Hospital,9.8,+91 9444022233
2023-11-16,0,None,260,77,19,87,ICU,62,52,65,87,119,15,13,11,13,18,39,Fever,No,Apollo Hospital,3.5,+91 9840012345,SRM Medical College Hospital,7.2,+91 9003011122,Rajiv Gandhi Govt Hospital,9.8,+91 9444022233
2023-11-17,0,None,315,71,12,114,Surgery,91,48,39,52,186,9,11,22,8,24,42,Breathing issue,No,Apollo Hospital,3.5,+91 9840012345,SRM Medical College Hospital,7.2,+91 9003011122,Rajiv Gandhi Govt Hospital,9.8,+91 9444022233
2023-11-18,0,None,307,83,13,98,Pediatrics,67,70,33,93,53,9,5,10,10,12,36,Headache,No,Apollo Hospital,3.5,+91 9840012345,SRM Medical College Hospital,7.2,+91 9003011122,Rajiv Gandhi Govt Hospital,9.8,+91 9444022233
2023-11-19,1,Chhath Puja,330,105,33,117,Surgery,86,76,91,43,175,9,12,18,13,23,31,Breathing issue,Yes,Apollo Hospital,3.5,+91 9840012345,SRM Medical College Hospital,7.2,+91 9003011122,Rajiv Gandhi Govt Hospital,9.8,+91 9444022233
2023-11-20,0,None,342,72,15,67,Surgery,53,86,106,140,103,13,5,15,17,16,48,Headache,No,Apollo Hospital,3.5,+91 9840012345,SRM Medical College Hospital,7.2,+91 9003011122,Rajiv Gandhi Govt Hospital,9.8,+91 9444022233
2023-11-21,0,None,268,84,27,137,General,67,30,79,64,134,18,5,16,19,6,39,Chest pain,Yes,Apollo Hospital,3.5,+91 9840012345,SRM Medical College Hospital,7.2,+91 9003011122,Rajiv Gandhi Govt Hospital,9.8,+91 9444022233
2023-11-22,0,None,266,76,19,91,Pediatrics,91,56,44,148,107,5,13,21,12,16,15,Fever,No,Apollo Hospital,3.5,+91 9840012345,SRM Medical College Hospital,7.2,+91 9003011122,Rajiv Gandhi Govt Hospital,9.8,+91 9444022233
2023-11-23,0,None,223,46,25,80,Surgery,64,67,39,121,84,11,13,22,11,14,11,Breathing issue,No,Apollo Hospital,3.5,+91 9840012345,SRM Medical College Hospital,7.2,+91 9003011122,Rajiv Gandhi Govt Hospital,9.8,+91 9444022233
2023-11-24,0,None,225,55,10,111,Pediatrics,50,89,56,43,80,12,6,16,18,5,52,Headache,No,Apollo Hospital,3.5,+91 9840012345,SRM Medical College Hospital,7.2,+91 9003011122,Rajiv Gandhi Govt Hospital,9.8,+91 9444022233
2023-11-25,0,None,290,85,24,136,Orthopedic,51,69,89,66,140,6,11,15,8,16,6,Breathing issue,No,Apollo Hospital,3.5,+91 9840012345,SRM Medical College Hospital,7.2,+91 9003011122,Rajiv Gandhi Govt Hospital,9.8,+91 9444022233
2023-11-26,0,None,301,68,20,60,General,81,74,78,105,103,6,12,16,19,20,22,Breathing issue,No,Apollo Hospital,3.5,+91 9840012345,SRM Medical College Hospital,7.2,+91 9003011122,Rajiv Gandhi Govt Hospital,9.8,+91 9444022233
2023-11-27,0,None,229,44,27,137,Pediatrics,84,78,95,121,120,10,11,20,9,9,54,Chest pain,No,Apollo Hospital,3.5,+91 9840012345,SRM Medical College Hospital,7.2,+91 9003011122,Rajiv Gandhi Govt Hospital,9.8,+91 9444022233
2023-11-28,0,None,280,67,15,105,General,52,63,49,40,190,8,12,17,10,5,34,Accident,No,Apollo Hospital,3.5,+91 9840012345,SRM Medical College Hospital,7.2,+91 9003011122,Rajiv Gandhi Govt Hospital,9.8,+91 9444022233
2023-11-29,0,None,222,68,11,79,Orthopedic,90,87,66,128,60,5,5,21,15,10,41,Accident,No,Apollo Hospital,3.5,+91 9840012345,SRM Medical College Hospital,7.2,+91 9003011122,Rajiv Gandhi Govt Hospital,9.8,+91 9444022233
2023-11-30,0,None,258,56,11,83,General,79,61,31,143,60,5,12,20,8,7,35,Breathing issue,No,Apollo Hospital,3.5,+91 9840012345,SRM Medical College Hospital,7.2,+91 9003011122,Rajiv Gandhi Govt Hospital,9.8,+91 9444022233
2023-12-01,0,None,242,57,23,92,Surgery,51,54,40,56,79,14,6,17,17,12,27,Accident,No,Apollo Hospital,3.5,+91 9840012345,SRM Medical College Hospital,7.2,+91 9003011122,Rajiv Gandhi Govt Hospital,9.8,+91 9444022233
2023-12-02,0,None,275,64,29,112,Surgery,50,75,109,118,181,6,8,12,18,8,57,Accident,No,Apollo Hospital,3.5,+91 9840012345,SRM Medical College Hospital,7.2,+91 9003011122,Rajiv Gandhi Govt Hospital,9.8,+91 9444022233
2023-12-03,0,None,296,70,28,139,Surgery,93,87,59,50,158,13,5,11,16,13,49,Accident,No,Apollo Hospital,3.5,+91 9840012345,SRM Medical College Hospital,7.2,+91 9003011122,Rajiv Gandhi Govt Hospital,9.8,+91 9444022233
2023-12-04,0,None,262,64,21,65,General,67,75,58,87,136,7,14,15,12,10,20,Headache,No,Apollo Hospital,3.5,+91 9840012345,SRM Medical College Hospital,7.2,+91 9003011122,Rajiv Gandhi Govt Hospital,9.8,+91 9444022233
2023-12-05,0,None,281,84,17,73,General,71,65,36,84,166,11,11,15,12,23,57,Headache,No,Apollo Hospital,3.5,+91 9840012345,SRM Medical College Hospital,7.2,+91 9003011122,Rajiv Gandhi Govt Hospital,9.8,+91 9444022233
2023-12-06,0,None,301,86,11,88,ICU,90,35,102,134,78,13,9,10,8,11,31,Fever,No,Apollo Hospital,3.5,+91 9840012345,SRM Medical College Hospital,7.2,+91 9003011122,Rajiv Gandhi Govt Hospital,9.8,+91 9444022233
2023-12-07,0,None,237,49,22,73,Orthopedic,74,39,104,55,111,6,7,20,13,8,26,Headache,No,Apollo Hospital,3.5,+91 9840012345,SRM Medical College Hospital,7.2,+91 9003011122,Rajiv Gandhi Govt Hospital,9.8,+91 9444022233
2023-12-08,0,None,273,80,14,113,ICU,91,81,104,82,139,18,13,16,10,14,20,Headache,No,Apollo Hospital,3.5,+91 9840012345,SRM Medical College Hospital,7.2,+91 9003011122,Rajiv Gandhi Govt Hospital,9.8,+91 9444022233
2023-12-09,0,None,246,77,23,98,Pediatrics,79,42,60,109,138,18,14,16,13,12,36,Accident,No,Apollo Hospital,3.5,+91 9840012345,SRM Medical College Hospital,7.2,+91 9003011122,Rajiv Gandhi Govt Hospital,9.8,+91 9444022233
2023-12-10,0,None,328,63,28,90,General,54,72,54,105,184,11,6,10,15,23,26,Chest pain,No,Apollo Hospital,3.5,+91 9840012345,SRM Medical College Hospital,7.2,+91 9003011122,Rajiv Gandhi Govt Hospital,9.8,+91 9444022233
2023-12-11,0,None,243,51,13,111,Pediatrics,84,88,88,66,84,19,12,24,10,18,39,Breathing issue,No,Apollo Hospital,3.5,+91 9840012345,SRM Medical College Hospital,7.2,+91 9003011122,Rajiv Gandhi Govt Hospital,9.8,+91 9444022233
2023-12-12,0,None,276,84,18,67,Orthopedic,75,65,102,90,55,17,7,22,18,10,53,Chest pain,No,Apollo Hospital,3.5,+91 9840012345,SRM Medical College Hospital,7.2,+91 9003011122,Rajiv Gandhi Govt Hospital,9.8,+91 9444022233
2023-12-13,0,None,313,63,23,104,ICU,60,62,42,116,152,14,13,20,14,5,8,Fever,No,Apollo Hospital,3.5,+91 9840012345,SRM Medical College Hospital,7.2,+91 9003011122,Rajiv Gandhi Govt Hospital,9.8,+91 9444022233
2023-12-14,0,None,228,68,28,66,ICU,80,82,44,43,87,6,5,18,13,9,26,Breathing issue,No,Apollo Hospital,3.5,+91 9840012345,SRM Medical College Hospital,7.2,+91 9003011122,Rajiv Gandhi Govt Hospital,9.8,+91 9444022233
2023-12-15,0,None,280,71,13,89,ICU,66,59,48,119,191,11,14,13,18,5,31,Breathing issue,No,Apollo Hospital,3.5,+91 9840012345,SRM Medical College Hospital,7.2,+91 9003011122,Rajiv Gandhi Govt Hospital,9.8,+91 9444022233
2023-12-16,0,None,341,84,12,85,ICU,79,73,104,44,172,9,10,22,15,5,48,Fever,Yes,Apollo Hospital,3.5,+91 9840012345,SRM Medical College Hospital,7.2,+91 9003011122,Rajiv Gandhi Govt Hospital,9.8,+91 9444022233
2023-12-17,0,None,295,53,22,126,General,86,86,94,96,152,7,8,15,14,8,46,Headache,No,Apollo Hospital,3.5,+91 9840012345,SRM Medical College Hospital,7.2,+91 9003011122,Rajiv Gandhi Govt Hospital,9.8,+91 9444022233
2023-12-18,0,None,283,78,29,95,Pediatrics,53,39,86,120,102,8,10,16,16,7,44,Chest pain,No,Apollo Hospital,3.5,+91 9840012345,SRM Medical College Hospital,7.2,+91 9003011122,Rajiv Gandhi Govt Hospital,9.8,+91 9444022233
2023-12-19,0,None,329,67,14,87,ICU,76,45,57,93,129,8,6,12,11,14,8,Breathing issue,No,Apollo Hospital,3.5,+91 9840012345,SRM Medical College Hospital,7.2,+91 9003011122,Rajiv Gandhi Govt Hospital,9.8,+91 9444022233
2023-12-20,0,None,249,73,15,147,ICU,92,68,36,83,113,10,11,10,8,17,45,Chest pain,No,Apollo Hospital,3.5,+91 9840012345,SRM Medical College Hospital,7.2,+91 9003011122,Rajiv Gandhi Govt Hospital,9.8,+91 9444022233
2023-12-21,0,None,260,92,20,72,Orthopedic,71,62,43,54,194,16,14,23,19,12,27,Chest pain,No,Apollo Hospital,3.5,+91 9840012345,SRM Medical College Hospital,7.2,+91 9003011122,Rajiv Gandhi Govt Hospital,9.8,+91 9444022233
2023-12-22,0,None,268,96,21,115,Orthopedic,72,61,106,44,182,16,12,24,19,22,50,Breathing issue,No,Apollo Hospital,3.5,+91 9840012345,SRM Medical College Hospital,7.2,+91 9003011122,Rajiv Gandhi Govt Hospital,9.8,+91 9444022233
2023-12-23,0,None,306,88,22,142,Pediatrics,92,78,59,84,95,11,11,19,18,7,36,Accident,Yes,Apollo Hospital,3.5,+91 9840012345,SRM Medical College Hospital,7.2,+91 9003011122,Rajiv Gandhi Govt Hospital,9.8,+91 9444022233
2023-12-24,0,None,338,68,25,67,Orthopedic,88,55,67,140,150,16,13,21,14,23,20,Chest pain,No,Apollo Hospital,3.5,+91 9840012345,SRM Medical College Hospital,7.2,+91 9003011122,Rajiv Gandhi Govt Hospital,9.8,+91 9444022233
2023-12-25,0,None,260,83,16,132,Surgery,53,47,99,72,183,11,6,15,10,8,7,Accident,No,Apollo Hospital,3.5,+91 9840012345,SRM Medical College Hospital,7.2,+91 9003011122,Rajiv Gandhi Govt Hospital,9.8,+91 9444022233
2023-12-26,0,None,250,58,18,141,Surgery,58,70,51,107,177,13,13,11,14,5,7,Accident,Yes,Apollo Hospital,3.5,+91 9840012345,SRM Medical College Hospital,7.2,+91 9003011122,Rajiv Gandhi Govt Hospital,9.8,+91 9444022233
2023-12-27,0,None,336,67,28,61,General,90,67,83,68,117,19,10,18,10,9,57,Chest pain,No,Apollo Hospital,3.5,+91 9840012345,SRM Medical College Hospital,7.2,+91 9003011122,Rajiv Gandhi Govt Hospital,9.8,+91 9444022233
2023-12-28,0,None,268,79,15,89,Orthopedic,59,83,86,123,67,13,12,24,19,18,15,Headache,No,Apollo Hospital,3.5,+91 9840012345,SRM Medical College Hospital,7.2,+91 9003011122,Rajiv Gandhi Govt Hospital,9.8,+91 9444022233
2023-12-29,0,None,266,70,10,80,ICU,75,35,41,135,76,12,9,18,15,11,26,Accident,No,Apollo Hospital,3.5,+91 9840012345,SRM Medical College Hospital,7.2,+91 9003011122,Rajiv Gandhi Govt Hospital,9.8,+91 9444022233
2023-12-30,0,None,341,64,24,73,ICU,74,88,82,132,102,8,10,22,9,9,40,Chest pain,No,Apollo Hospital,3.5,+91 9840012345,SRM Medical College Hospital,7.2,+91 9003011122,Rajiv Gandhi Govt Hospital,9.8,+91 9444022233
2023-12-31,0,None,327,81,23,143,ICU,58,46,76,41,196,14,9,14,18,19,11,Accident,No,Apollo Hospital,3.5,+91 9840012345,SRM Medical College Hospital,7.2,+91 9003011122,Rajiv Gandhi Govt Hospital,9.8,+91 9444022233
